userId,comment_time,rating_star,has_media,comment_text,productID,helpful_votes
n*****3,2022-07-27 10:57,5,1,"Mình và mẹ rất thích sài loại này, giao hàng nhanh dù mình săn sale được giá tốt",716459829.16042134136,6
uyennguyen_1201,2025-04-09 09:53,5,1,"Làm sạch tốt và ko bị khô da. Hàng mall nên yên tâm sử dụng, có đầy đủ tem nhãn phụ tiếng Việt. Đóng gói cẩn thận và giao hàng nhanh.",716459829.16042134136,1
meomeodientan,2024-02-22 15:09,5,1,"Mình dùng nhiều rồi, do phù hợp với da mình nên hết mình cứ mua, lần này mình được tặng hẳn 40ml và vài mẫu dùng thử, cảm ơn shop.",716459829.16042134136,0
n*****3,2022-07-27 10:59,5,1,Sản phẩm tốt mình đã mua 2 lần gần nhau vì 2 mẹ con mình sử dụng và do săn đc giá sale,716459829.16042134136,8
hannah.huyen.nguyen,2023-11-18 07:18,5,1,"tuýp sữa rửa mặt to dã man, sẽ dùng thử hy vọng có kết quả tốt, gói hàng cẩn thận quà tặng đầy đủ, giao hàng nhanh chóng",716459829.16042134136,2
duongiam,2023-01-12 11:10,5,1,"Mua sữa rửa mặt mấy lần của shop rồi, rửa sạch, chưa thấy da sáng lên, nhưng sản phẩm rất đáng tiền, với thích những quà tặng thực tế là những sản phẩm nhỉ được tặng kèm tiện dụng khi đi xa, vote 5 sao nhé",716459829.16042134136,1
xuantinhminhchi,2024-09-04 19:25,5,1,"Mua hàng của shop 1 vài lần rồi, hàng chính hãng nên khá yên tâm. Lần đầu tiên mua sữa rửa mặt trắng da không biết có hợp không nữa. 
Shop giao hàng nhanh, mua có mã giảm giá khá hời",716459829.16042134136,0
duyen271097,2025-03-06 13:13,5,0,"Sp chính hãng nên cũng yên tâm. Đã dùng của hãng lâu giờ rồi. Mua sp của hãng được tặng nhiều phiên bản mini tiện đi du lịch,…",716459829.16042134136,1
t*****p,2025-04-11 14:51,5,1,Thấy dùng cũng oke. Rửa sạch k bị khô da. Mùi nhẹ dễ chịu. Mua ngày 10 thành viên đc hoàn 5% xu tính ra còn 685k cũng đc. Đc 2 quà tặng,716459829.16042134136,0
hannah.huyen.nguyen,2024-11-16 11:00,5,1,"Hình ảnh mang tính chất nhận xu thôi ạ, sp của shop chất lượng, ship hàng nhanh đóng gói cẩn thận, chắc chắn sẽ quay lại ủng hộ shop cho các đơn hàng tiếp theo nhé",716459829.16042134136,0
t*****o,2022-07-08 17:16,5,1,Chat luong san pham tôt- đong goi san pham ok - giao hang nhanh,716459829.16042134136,2
banhkeotrungngan,2024-11-15 19:02,5,1,"Sản phẩm đúng hãng thì dùng tốt , mình mua ngày sale nên được thêm đồ. Cơ mà sao thấy shop lên giá nhiều thế nhỉ?",716459829.16042134136,0
p*****9,2025-05-25 18:13 | Phân loại hàng: New - 180ml,5,0,Srm high end nên giá cũng ko rẻ. Nhưng mà dùng xịn thật nha. Cảm giác sạch mặt mà cũng ko quá khô da. Nchung là oke đáng trải nghiệm,716459829.16042134136,0
teetran2810,2025-10-19 18:20 | Phân loại hàng: New - 180ml,4,1,"Ok, dùng thích. Rửa mặt sạch thoáng , ko khô căng.",716459829.16042134136,0
duongiam,2022-12-01 11:18,5,0,"Làm biếng vào lấy chai sữa rửa mặt đã mua để chụp ảnh, nhưng vẫn viết cho shop, sản phẩm tốt, rửa mặt sạch, nên mua nha mấy bạn",716459829.16042134136,0
nickcux,2024-01-23 21:53,5,1,"Sử dụng làm sạch da tốt, rất tốt, bọt lên khá nhiều làm srm lên mặt rất êm luôn",716459829.16042134136,0
nhu20112005,2024-09-20 12:27,5,1,,716459829.16042134136,0
thuycucflower,2025-09-08 23:29 | Phân loại hàng: New - 180ml,5,1,"Lần đầu dùng loại này của Whoo thấy thơm, bọt nhiều, ko khô da
Giao hàng nhanh
Đóng gói kỹ",716459829.16042134136,0
minhmaximum,2023-06-07 17:39,5,0,"Chưa quen với việc mua hàng sale tại shopee nên có chút trục trặc, không ngờ Whoo giải quyết vấn đề nhanh và đứng về phía khách hàng tốt như vậy. Rất wow nha.",716459829.16042134136,0
h*****0,2025-01-19 08:12,5,0,,716459829.16042134136,0
n*****4,2024-07-12 19:25,5,0,"Sản phẩm tốt, rửa mặt rất êm, sẽ mua lại lần sau",716459829.16042134136,0
t*****0,2023-06-13 12:29,5,0,"Hàng giao đúnh, đủ, hỗ trợ khách hàng nhanh chóng",716459829.16042134136,0
phonghoa22082012,2022-12-23 07:37,5,1,"Sản phẩm mẫu mã đẹp, chất lượng tốt. Sẽ tiếp tục ủng hộ! Hình ảnh mang tính chất nhận xu ạ!",716459829.16042134136,0
h*****7,2025-11-10 08:18 | Phân loại hàng: New - 180ml,5,1,"Được tặng 1 thỏi son. Sữa dùng rất thích, sạch, mịn",716459829.16042134136,0
mhan777,2023-10-09 13:47,5,0,giao hàng nhanh chất lượng ổn chỉ có điều tích điểm không có quà tặng,716459829.16042134136,0
thaoduongthithanh162,2024-05-09 21:16,5,0,"Sp xịn, da cải thiện rõ rệt, mùi siêu thơm, dễ chịu. Đắt xắt ra miếng nha",716459829.16042134136,0
h*****1,2022-09-19 10:01,5,1,Giao hàng nhanh. Mua đợt sale nên mua được giá rất tốt,716459829.16042134136,0
donnalee969,2024-01-26 16:03,5,0,Whoo is good,716459829.16042134136,1
dutin1905,2025-11-13 19:23 | Phân loại hàng: New - 180ml,5,1,"Mua srm đc tặng thêm 1 hộp srm bé và 1 thỏi son bé. Chưa dùng nên chưa biết có hợp k, bao bì hộp có nhãn phụ đề tiếng việt, tuy nhiên hộp k thấy có tem niêm phong",716459829.16042134136,0
u*****7,2023-09-16 18:14,5,0,Chất lượng tốt,716459829.16042134136,1
emenguyen,2024-06-12 22:44,5,0,hỗ trợ khách hàng tuyệt vời!,716459829.16042134136,0
hacngovan,2025-03-07 15:38,5,0,Đc tặng son mini siêu thích,716459829.16042134136,0
n*****.,2025-10-28 11:09 | Phân loại hàng: New - 180ml,5,0,Dáng mũi theo yêu cầu bạn kh người Indonesia xinh như tỉ tỉ xứ trung bên nhà Hoàng Quốc Thắng😍 #muitrunghoa #suamuihong #nangmuisualai #pttm #nâng_mũi_phong_thuỷ #nâng_mũi_cấu_trúc_đa_tầng,716459829.16042134136,0
phiphihunh,2025-08-27 02:08 | Phân loại hàng: New - 180ml,5,0,"Sữa rửa mặt này thì êm rồi, có cái hay cháy hàng lắm luôn!",716459829.16042134136,0
huyendinhkhoinguyen,2023-06-28 22:07,5,0,"Đã dùng nhiều lần, canh khuyến mãi tặng nhiều là mua thôi. Ổn lắm",716459829.16042134136,0
ngochuynh689,2025-03-01 14:12,4,1,"Không có tem niêm phong hộp giấy và chai,hi vọng hàng chính hãng.",716459829.16042134136,0
lhhoaphatco,2024-01-10 22:44,5,0,"Sản phẩm ổn áp
Phù hợp với nhu cầu
Sẽ tiếp tục ủng hộ shop lâu dài",716459829.16042134136,0
h*****o,2026-03-04 13:43 | Phân loại hàng: New - 180ml,5,0,"￼Xuân Nữ Bổ Huyết Vĩnh Quang chai 280ml Hỗ trợ điều hoà kinh nguyệt, đau bụng kinh, bổ máu cho Phụ Nữ",716459829.16042134136,0
hana7072,2025-02-14 07:37,5,1,"Chưa dùng nên không rõ tác dụng, ảnh và video mang tính chất minh hoạ cho sản phẩm",716459829.16042134136,0
athena39,2024-08-28 23:30,4,0,"Rửa mặt cảm giác hơi căng quá,cấp ẩm ít",716459829.16042134136,0
meomiu_,2024-10-14 14:21,5,0,Hình ảnh và video chỉ mang tính chất lấy xu cảm ơn shop nhiều!,716459829.16042134136,0
dangngothuyha,2024-12-16 17:44,5,1,,716459829.16042134136,0
t*****7,2025-08-07 11:25 | Phân loại hàng: New - 180ml,5,1,,716459829.16042134136,0
7njm_q67ih,2024-08-10 18:42,5,0,Ko thấy ngày sx hay hsd ở đâu,716459829.16042134136,0
ngominh55,2024-04-08 16:50,5,1,Ship hàng nhanh đóng gói cẩn thận hàng cũng đc. hình ảnh mang tính chất nhận xu,716459829.16042134136,0
chipxinh4884,2023-10-12 11:24,5,1,"Shop đóng gói cẩn thận, mà giao hàng hơi lâu. Sẽ quay lại đánh giá chất lượng sau khi sử dụng",716459829.16042134136,0
bqtxdwm9dz,2024-12-30 13:28,5,0,Sai rất thích ah,716459829.16042134136,0
violet240184,2025-07-03 18:24 | Phân loại hàng: New - 180ml,5,1,"Cá nhân mình xài thấy cũng ok, không quá khô và căng da, sạch, mịn, mùi thơm rất nhẹ luôn, khó có thể cảm nhận được nhưng mình cũng không cần sản phẩm quá thơm",716459829.16042134136,0
tuyetngan2603,2026-04-09 19:25 | Phân loại hàng: New - 180ml,5,1,"Whoo thì khỏi phải bàn về chất lượng rồi, cứ hết thì mua lại thôi",716459829.16042134136,0
m*****k,2025-09-24 18:20 | Phân loại hàng: New - 180ml,5,1,"Rất đáng tiềnnn, đắt xắt ra miếnggg
Nên mua nếu da bị mụn nhaaa",716459829.16042134136,0
duongthihoa02,2025-06-20 12:01 | Phân loại hàng: New - 180ml,5,1,"cảm giác sạch và mịn sau khi rửa mặt xong,không khô da.Xứng đánh giá tiền.còn hiệu quả trắng da hay không thì chưa rõ",716459829.16042134136,0
giahan_2708,2025-10-29 15:55 | Phân loại hàng: New - 180ml,5,1,Sửa rửa mặt xài êm lắm bọt nhiều mịn nữa mong sẽ hợp với da mình,716459829.16042134136,0
ngctrnbo837,2025-06-16 18:41 | Phân loại hàng: New - 180ml,5,1,"Sau một thời gian sử dụng sản phẩm, mình cảm thấy khá hài lòng với chất lượng mà nó mang lại. Sản phẩm có thiết kế đơn giản nhưng tinh tế, dễ sử dụng và phù hợp với nhiều nhu cầu khác nhau trong cuộc sống hằng ngày.",716459829.16042134136,0
p*****6,2024-09-24 11:47,5,1,"Omg, xịn tht sự, xịn v, siêu xịn /_>]₫#|}¥00000.,vh",716459829.16042134136,0
mychau07,2025-08-20 21:02 | Phân loại hàng: New - 180ml,5,1,"Giao đủ hàng,đóng gói kỹ lưỡng,giao hàng nhanh chóng,chất lượng sp ổn,hình ảnh chỉ mang tính chất nhận xu",716459829.16042134136,0
thuyhangskincare1703,2025-09-23 14:21 | Phân loại hàng: New - 180ml,5,1,Đã nhận được hàng . Giao hàng nhanh . Còn được tặng quà nữa. Hình ảnh mang tính chất nhận xu,716459829.16042134136,0
quynhngan.dk,2025-04-26 23:36 | Phân loại hàng: New - 180ml,5,1,"Hình ảnh mang tính chất nhận xu
Hàng chính hãng
Nên mua nha cả nhà",716459829.16042134136,0
tuyetkha31121992,2025-10-17 00:33 | Phân loại hàng: New - 180ml,5,0,Da mua rat nhieu lan,716459829.16042134136,0
lebuilinhkt,2025-01-08 18:58,5,1,Ok,716459829.16042134136,0
glibcub,2025-06-07 01:48 | Phân loại hàng: New - 180ml,5,0,,716459829.16042134136,0
thuylinh48_,2024-03-05 13:58,5,1,,716459829.16042134136,0
btktrang1989,2025-04-23 03:23,5,0,,716459829.16042134136,0
charmiehuynh,2025-02-24 10:59,5,0,,716459829.16042134136,0
linhdang.alin,2025-04-08 10:07,5,0,,716459829.16042134136,0
binvan74,2025-05-08 15:49 | Phân loại hàng: New - 180ml,5,0,,716459829.16042134136,0
nguyen_nhung96hehe,2025-05-25 13:30 | Phân loại hàng: New - 180ml,5,0,,716459829.16042134136,0
cherryclothingstore,2025-10-17 23:29 | Phân loại hàng: New - 180ml,5,0,,716459829.16042134136,0
cherryclothingstore,2025-10-23 19:38 | Phân loại hàng: New - 180ml,5,0,,716459829.16042134136,0
b*****5,2025-10-24 13:21 | Phân loại hàng: New - 180ml,5,0,,716459829.16042134136,0
seoboeun,2025-11-11 22:39 | Phân loại hàng: New - 180ml,5,0,,716459829.16042134136,0
hanhdo8085,2026-03-08 23:43 | Phân loại hàng: New - 180ml,5,0,,716459829.16042134136,0
daitranguyen,2026-03-18 14:55 | Phân loại hàng: New - 180ml,5,0,,716459829.16042134136,0
trang.banhmi,2025-10-01 16:55 | Phân loại hàng: New - 180ml,5,0,,716459829.16042134136,0
v*****7,2025-05-07 14:57 | Phân loại hàng: New - 180ml,5,0,,716459829.16042134136,0
loc_hong,2026-03-26 22:04 | Phân loại hàng: New - 180ml,5,0,,716459829.16042134136,0
nguyentra.,2025-10-09 13:40 | Phân loại hàng: New - 180ml,5,0,,716459829.16042134136,0
bu31418,2025-06-01 23:10 | Phân loại hàng: New - 180ml,5,0,,716459829.16042134136,0
p*****1,2025-03-16 16:39,5,0,,716459829.16042134136,0
p*****1,2026-03-06 15:00 | Phân loại hàng: New - 180ml,5,0,,716459829.16042134136,0
lucy88899,2025-03-07 09:25,5,0,,716459829.16042134136,0
cabulo18,2025-04-08 13:44,5,0,,716459829.16042134136,0
nnguyennga15,2025-05-30 08:47 | Phân loại hàng: New - 180ml,5,0,,716459829.16042134136,0
khiethan.0209,2026-03-12 16:46 | Phân loại hàng: New - 180ml,5,0,,716459829.16042134136,0
lethikimbang,2025-10-03 09:34 | Phân loại hàng: New - 180ml,5,0,,716459829.16042134136,0
thoa1604,2026-03-26 09:09 | Phân loại hàng: New - 180ml,5,0,,716459829.16042134136,0
toc2212,2025-10-05 14:22 | Phân loại hàng: New - 180ml,5,0,,716459829.16042134136,0
kemsuri9947,2026-03-30 10:54 | Phân loại hàng: New - 180ml,5,0,,716459829.16042134136,0
chanchan1401,2025-06-09 21:23 | Phân loại hàng: New - 180ml,5,0,,716459829.16042134136,0
dau1320,2025-05-26 06:31 | Phân loại hàng: New - 180ml,5,0,,716459829.16042134136,0
myle3110,2025-05-15 12:54 | Phân loại hàng: New - 180ml,5,0,,716459829.16042134136,0
xrjechuteu913,2024-04-01 15:51 | Phân loại hàng: Củ 35W - G35 Đen,5,0,"shop đóng gói hàng cẩn thận,hàng mua bên shop dùng khá ok và giá hợp lý,chuẩn bị hàng và giao hàng nhanh,mình sẽ quay lại mua thêm. 5 sao",937505952.25321545981,0
v.m.h.22,2025-01-02 16:17 | Phân loại hàng: Củ 35W - G35 Vàng,5,1,"Sạc nhanh chuẩn, vật liệu chắc chắn, mình đã xài cái màu đen rồi thấy tốt và bền nên mua thêm cho người nha",937505952.25321545981,0
dfpsmaicao,2024-04-18 18:11 | Phân loại hàng: Củ 35W - G35 Vàng,5,1,"chuẩn chính hãng nên dùng rất yên tâm nha ae, shop giao đủ hàng đúng mẫu nên mua nha ae",937505952.25321545981,0
tranngohuynhhuyen,2025-10-20 11:31 | Phân loại hàng: Củ 35W - G35 Đen,5,1,"Cục sạc đẹp, giao hàng nhanh. Sẽ quay lại ủng hộ shop. Lakahqnz jsjamqp hzhzzbal lala ậbakanaj",937505952.25321545981,0
onzuthanhhdatt931,2024-04-26 16:49 | Phân loại hàng: Củ 35W - G35 Đen,5,1,,937505952.25321545981,0
maiphuongalex,2026-01-01 20:08 | Phân loại hàng: BỘ TYPE-C CHO 15->16,5,1,"Ok, mà ở hà nội ship vào sài gòn hơi lâu á. Chất lượng cũng ok. Thích xài basus bền",937505952.25321545981,0
wzsothuyhua884,2024-04-24 17:02 | Phân loại hàng: Củ 35W - G35 Vàng,5,1,"tốc độ sạc ổn lắm nha, dùng hàng chính hãng nên an tâm, giá shop bán tới khách hàng rất hợp lý nha",937505952.25321545981,0
kkystatinh,2024-04-24 13:14 | Phân loại hàng: Củ 35W - G35 Đen,5,0,"hàng xịn dùng thích thật đấy,giá hợp lý,tặng shop 5 sao",937505952.25321545981,0
osmwhoangpj576,2024-04-20 17:15 | Phân loại hàng: Củ 35W - G35 Đen,5,1,"chất lượng tốt nha, shop giao hàng nhanh đóng gói rất cẩn thận nha",937505952.25321545981,0
hturdonhuthai,2024-04-16 13:55 | Phân loại hàng: Củ 35W - G35 Vàng,5,0,"shop tl tin nhắn nhanh,tư vấn nhanh,hàng ok lắm nha mn,nên mua nhé mn ơi",937505952.25321545981,0
qgsdphongdan619,2024-04-14 16:03 | Phân loại hàng: Củ 35W - G35 Đen,5,1,"kiểu dáng đẹp, chất lượng ổn sạc rất nhanh nha",937505952.25321545981,0
e*****5,2025-10-17 13:11 | Phân loại hàng: Củ 35W - G35 Đen,5,1,Sạc nhanh giá rẻ oki nha giao hàng nhanh cẩn thận shop sp tốt nư,937505952.25321545981,0
qmzobanduclanh477,2024-04-28 14:36,5,0,"hàng giao nhanh,dùng thử mấy ngày rồi thấy ok lắm nhé,nên mua nha mn",937505952.25321545981,0
hsvstrelang,2024-04-28 14:33,5,0,"mua lần 2 của shop rồi ,hàng ok dùng siêu ưng",937505952.25321545981,0
v*****9,2024-06-09 12:48 | Phân loại hàng: Củ 35W - G35 Đen,5,0,"Chất lượng sản phẩm tuyệt vời 
Giao hàng nhanh
Đúng với mô tả aaassa",937505952.25321545981,0
afatdoanhoa,2024-04-27 14:38 | Phân loại hàng: Củ 35W - G35 Đen,5,0,"giá rẻ,dùng thấy ok lắm nha",937505952.25321545981,0
thnslamthuong739,2024-04-15 12:26 | Phân loại hàng: Củ 35W - G35 Đen,5,0,"dùng ổn áp lắm,đáng đồng tiền bỏ ra mua. sẽ ủng hộ dài dài",937505952.25321545981,0
eutqnhantran,2024-04-22 13:21 | Phân loại hàng: Củ 35W - G35 Vàng,5,0,"hàng giá rẻ,dùng ổn,sẽ ủng hộ shop dài dài",937505952.25321545981,0
lxaxtiendoanh,2024-04-21 13:47 | Phân loại hàng: Củ 35W - G35 Đen,5,0,"shop bán hàng chất lượng ok,dùng thích lắm",937505952.25321545981,0
uxakbuiluc788,2024-04-20 11:10 | Phân loại hàng: Củ 35W - G35 Đen,5,0,chất lượng ổn giá phù hợp nha,937505952.25321545981,0
yjhctadao944,2024-04-16 13:52 | Phân loại hàng: Củ 35W - G35 Đen,5,0,"giá rẻ,dùng ok,sẽ mua thêm",937505952.25321545981,0
l*****0,2025-10-16 18:14 | Phân loại hàng: Củ 35W - G35 Đen,5,0,"Sạc nhanh tiện lợi, rút ngắn thời gian nạp pin, tương thích nhiều thiết bị, an toàn khi sử dụng.",937505952.25321545981,0
aszcquynhdoan,2024-04-21 20:33 | Phân loại hàng: Củ 35W - G35 Vàng,5,0,,937505952.25321545981,0
tqnbvuquang103,2024-04-25 14:50 | Phân loại hàng: Củ 35W - G35 Vàng,5,0,"mua mấy sản phẩm của shop rồi,rất yên tâm về chất lượng,sẽ ủng hộ dài dài",937505952.25321545981,0
ovhgksorchun567,2024-04-25 14:44 | Phân loại hàng: Củ 35W - G35 Đen,5,0,"hàng giống ảnh và mô tả,giá hợp lý.dùng ok",937505952.25321545981,0
jbhohungduong,2024-04-23 15:06 | Phân loại hàng: Củ 35W - G35 Đen,5,0,,937505952.25321545981,0
t*****n,2025-11-12 23:42 | Phân loại hàng: Củ 35W - G35 Vàng,5,0,Cái đường cơ này chính là cái đường cơ chuẩn chỉ nhất mà anh em học.,937505952.25321545981,0
v*****2,2026-01-13 10:37 | Phân loại hàng: COMBO SẠC CHO 8->14,1,0,"đặt củ đen giao củ vàng, hỏi thì bảo hết kêu khách nhận, hết không biết đường gọi báo khách trước. chưa trả hàng là may.",937505952.25321545981,0
hqfoxuahoai,2024-04-15 17:13 | Phân loại hàng: Củ 35W - G35 Vàng,5,1,,937505952.25321545981,0
zhbvloctan968,2024-04-23 14:59 | Phân loại hàng: Củ 35W - G35 Vàng,5,1,"giá khá rẻ hơn so với nhiều shop, tốc độ sạc nhanh nói chung là ổn, đóng gói cẩn thận nhé.",937505952.25321545981,0
lwmbbieuphan,2024-04-27 17:12 | Phân loại hàng: Củ 35W - G35 Vàng,5,1,,937505952.25321545981,0
pvggvohungem959,2024-04-22 13:17 | Phân loại hàng: Củ 35W - G35 Đen,5,0,"ok lắm luôn,sẽ mua thêm",937505952.25321545981,0
eohsnguyentai,2024-04-17 17:18 | Phân loại hàng: Củ 35W - G35 Vàng,5,1,"chất lượng rất ok, ổn trong tầm giá nên mua nha ae.",937505952.25321545981,0
ooxplovanthai554,2024-04-18 10:22 | Phân loại hàng: Củ 35W - G35 Đen,5,0,"ok,sẽ quay lại mua thêm shop nhé",937505952.25321545981,0
linh14567890,2026-03-17 21:22 | Phân loại hàng: COMBO SẠC CHO 8->14,3,1,Shop giao sai màu cho mình đặt màu đen nhưng giao màu vàng,937505952.25321545981,0
vudong3939,2026-01-12 07:23 | Phân loại hàng: BỘ TYPE-C CHO 15->16,5,0,,937505952.25321545981,0
y*****8,2026-02-26 12:29 | Phân loại hàng: Củ 35W - G35 Vàng,5,0,,937505952.25321545981,0
vinhnguyen.1990,2026-03-10 20:17 | Phân loại hàng: Củ 35W - G35 Vàng,5,0,,937505952.25321545981,0
dientivuque84,2026-01-19 13:48 | Phân loại hàng: Củ 35W - G35 Vàng,5,0,,937505952.25321545981,0
ducanh4800,2026-03-22 11:23 | Phân loại hàng: Củ 35W - G35 Vàng,5,0,,937505952.25321545981,0
duyyenpham,2025-11-25 07:56 | Phân loại hàng: Củ 35W - G35 Vàng,5,0,,937505952.25321545981,0
chienthao6789,2025-06-20 10:20 | Phân loại hàng: Củ 35W - G35 Đen,5,0,,937505952.25321545981,0
s*****7,2025-10-13 11:37 | Phân loại hàng: Củ 35W - G35 Đen,5,0,,937505952.25321545981,0
tuan982004,2025-11-13 18:26 | Phân loại hàng: Củ 35W - G35 Vàng,5,0,,937505952.25321545981,0
thutran_1992,2026-03-16 06:59 | Phân loại hàng: Củ 35W - G35 Vàng,5,0,,937505952.25321545981,0
nguyenlong031192,2025-02-04 17:38 | Phân loại hàng: Củ 35W - G35 Vàng,5,0,,937505952.25321545981,0
1*****5,2025-09-15 14:03 | Phân loại hàng: BỘ TYPE-C CHO 15->16,5,0,,937505952.25321545981,0
thanhtong0803,2025-12-13 11:42 | Phân loại hàng: Củ 35W - G35 Vàng,5,0,,937505952.25321545981,0
nguyeenvaankhaanh,2025-12-15 23:01 | Phân loại hàng: Củ 35W - G35 Vàng,5,0,,937505952.25321545981,0
816ae1knw2,2025-01-13 12:33 | Phân loại hàng: Củ 35W - G35 Đen,5,0,,937505952.25321545981,0
manhphuc134,"2025-05-01 07:02 | Phân loại hàng: Củ 35W - G35 Vàng, RIÊNG DÂY 60W CS61C",5,0,,937505952.25321545981,0
hoanggiang_kemboo,2025-07-23 08:48 | Phân loại hàng: Củ 35W - G35 Vàng,5,0,,937505952.25321545981,0
long19092004,2025-09-04 13:57 | Phân loại hàng: Củ 35W - G35 Đen,5,0,,937505952.25321545981,0
hoanggiang_kemboo,2025-09-05 11:22 | Phân loại hàng: Củ 35W - G35 Vàng,5,0,,937505952.25321545981,0
baembebo,2025-12-29 11:49 | Phân loại hàng: COMBO SẠC CHO 8->14,5,0,,937505952.25321545981,0
asmodues_1611,2026-01-23 09:07 | Phân loại hàng: Củ 35W - G35 Vàng,5,0,,937505952.25321545981,0
i6wj7x159e,2026-03-20 22:25 | Phân loại hàng: BỘ TYPE-C CHO 15->16,5,0,,937505952.25321545981,0
vjhnacwuhp,2024-06-28 21:51 | Phân loại hàng: Củ 35W - G35 Vàng,4,0,,937505952.25321545981,0
pandazes,2024-06-08 18:25 | Phân loại hàng: Củ 35W - G35 Đen,5,0,,937505952.25321545981,0
nguyenlinh.moc,2024-06-04 09:51 | Phân loại hàng: Củ 35W - G35 Vàng,5,0,,937505952.25321545981,0
cuongnghiemquoc,2024-04-21 13:10 | Phân loại hàng: Củ 35W - G35 Vàng,5,0,,937505952.25321545981,0
lrfkluonghon,2024-05-02 14:03,5,0,,937505952.25321545981,0
hruwbothoi,2024-05-02 14:00,5,0,,937505952.25321545981,0
nzxihuongquetv892,2024-04-26 17:41 | Phân loại hàng: Củ 35W - G35 Vàng,5,0,,937505952.25321545981,0
hxukjimmihip,2024-04-20 17:10 | Phân loại hàng: Củ 35W - G35 Vàng,5,0,,937505952.25321545981,0
ldqttrieuyen,2024-04-20 11:07 | Phân loại hàng: Củ 35W - G35 Vàng,5,0,,937505952.25321545981,0
vcxmluonthieu842,2024-04-17 17:13 | Phân loại hàng: Củ 35W - G35 Đen,5,0,,937505952.25321545981,0
idsrlamhongtra,2024-04-14 15:49 | Phân loại hàng: Củ 35W - G35 Vàng,5,0,,937505952.25321545981,0
bktahungnong,2024-04-04 13:33 | Phân loại hàng: Củ 35W - G35 Vàng,5,0,,937505952.25321545981,0
ewbmphatha,2024-04-04 13:28 | Phân loại hàng: Củ 35W - G35 Đen,5,0,,937505952.25321545981,0
o*****6,2024-03-25 19:54,5,1,,937505952.25321545981,4
m*****u,2024-03-21 16:27,5,1,Hàng tốt nha mn sạc vào nhanh . Chất lượng ngoài mong đợi ..... lên mua nhé mn . Sau sẽ ủng hộ sốp dài dài,937505952.25321545981,0
v*****7,2025-05-09 13:04,5,1,Con hàng ok đẹp zin nét. Nhưng chưa cắm thử nên chưa biết dùng ok hay k .,937505952.25321545981,1
4*****h,2025-03-18 10:44,5,1,"Sản phẩm đẹp giá cả phải chăng, sạc vào nhanh, ko nóng máy, sản phẩm này sẽ được nhiều người lựa chọn, không biết viết đến đây được 200 xu chưa, nếu chưa mình viết tiếp",937505952.25321545981,0
o*****9,2024-03-15 15:28,5,1,"chất lượng rất tuyệt vời nha các men. sạc nhanh. kiểu dáng đẹp đặc biệt giá tiền thì rẻ so với nhiều hãng khác, chất lường tốt nên mua nha",937505952.25321545981,4
c*****o,2024-03-21 16:03,5,1,"Hàng siêu xịn, nhỏ xinh, cho vào túi mang đi lại rất tiện, đầu cắm rất chặt ko bị lỏng lẻo mình rất rất hài lòng",937505952.25321545981,2
s*****6,2024-11-08 13:53,5,1,,937505952.25321545981,0
x*****k,2025-03-24 18:36,5,1,"cực kì ưng ý với chất lượng của bộ củ cáp sạc này của basefast ạ, kiểu dáng đẹp mà sạc lại nhanh nữa, nhìn vỏ hộp cũng đã thấy xịn xò rồi ạ, 5 sao nha",937505952.25321545981,0
r*****7,2024-05-06 18:02,5,1,,937505952.25321545981,0
n*****p,2025-01-04 08:12,5,1,"- Sản phẩm đã có đủ những chứng chỉ tiêu chuẩn về an toàn như FCC, 3C, CF, RoSH.
- Củ sạc nhanh 2 cổng 35W Basefast sử dụng công nghệ GAN chống cháy nổ, chống quá tải nhiệt tối đa.
- Sản phẩm có lớp vỏ làm bằng nhựa Policarbonate giúp chịu nhiệt và chống cháy.
- Công nghệ sạc PPS giúp cho công suất sạc luôn ổn định không lo giảm tuổi thọ của pin điện thoại.
- Cốc sạc nhanh basefast với 2 cổng sạc nhanh 35W USB-C và USB-A có khả năng tương thích với nhiều dòng máy điện thoại, máy tính bảng của iP, Samsung, Xiaomi, Oppo, Huawei...",937505952.25321545981,1
m*****b,2025-01-28 11:53,5,1,"Sau 1 tuần sử dụng mình thấy bộ sạc này dùng rất tốt, sạc nhanh và ổn định, hình thức rất đẹp và bền, dây cáp chắc chắn , đáng dùng nhé",937505952.25321545981,1
n*****p,2024-12-19 19:17,5,1,"- Sản phẩm đã có đủ những chứng chỉ tiêu chuẩn về an toàn như FCC, 3C, CF, RoSH.
- Củ sạc nhanh 2 cổng 35W Basefast sử dụng công nghệ GAN chống cháy nổ, chống quá tải nhiệt tối đa.
- Sản phẩm có lớp vỏ làm bằng nhựa Policarbonate giúp chịu nhiệt và chống cháy.
- Công nghệ sạc PPS giúp cho công suất sạc luôn ổn định không lo giảm tuổi thọ của pin điện thoại.
- Cốc sạc nhanh basefast với 2 cổng sạc nhanh 35W USB-C và USB-A có khả năng tương thích với nhiều dòng máy điện thoại, máy tính bảng của iP, Samsung, Xiaomi, Oppo, Huawei...",937505952.25321545981,0
o*****2,2024-03-18 15:31,5,1,"thiết kế đẹp, độ hoàn thiện cao, thấy có đủ các chứng chỉ quốc tế, test 1 tuần thấy tốc độ sạc nhanh, k bị nóng trong quá trình sạc, giá rẻ, hài lòng nha",937505952.25321545981,3
d*****7,2024-06-18 20:01,5,1,"Sản phẩm cho dòng sạc ra nhanh, tương thích nhiều chuẩn sạc (không hiện vooc cho nhà bbk nhưng sạc cũng nhanh nhé). Củ sạc thiết kế bắt mắt, chân gập nên gọn gàng khi mang đi.",937505952.25321545981,1
_*****x,2025-03-24 18:43,5,1,"củ sạc rất nhanh, kiểu dáng đẹp, chuẩn chính hãng basefast. giá rẻ mà tốt, rất yên tâm , tin tưởng sản phẩm basefast nha.",937505952.25321545981,0
m*****u,2024-03-21 16:27,5,1,Hàng tốt nha mn sạc vào nhanh . Chất lượng ngoài mong đợi ..... lên mua nhé mn . Sau sẽ ủng hộ sốp dài dài,937505952.25321545981,0
q*****0,2024-03-30 17:44,5,1,"củ sạc chuẩn chính hãng basefast, thông tin trên sản phẩm thì đạt được nhiều chứng chỉ quốc tế nên dùng thấy rất yên tâm nha",937505952.25321545981,0
o*****9,2024-03-22 18:13,5,1,"chỉ biết mô tả bằng 2 từ "" tuyệt vời "" kiểu dáng đẹp , giá thành rẻ mà chất lượng tốt sạc rất nhanh.",937505952.25321545981,5
x*****5,2024-09-09 14:13,5,1,Lúc đầu tôi thấy sản phẩm rẻ nhưng tôi nghĩ là nó sẽ không được tốt ai ngờ mua về thì tôi dùng thử thì thấy khá là tốt và nó sẽ đánh giá sản phẩm này năm sao,937505952.25321545981,0
q*****4,2024-03-15 14:59,5,1,"củ sạc rất nhanh, kiểu dáng đẹp, chuẩn chính hãng basefast. giá rẻ mà tốt, rất yên tâm , tin tưởng sản phẩm basefast nha.",937505952.25321545981,0
q*****n,"2023-03-02 15:59 | Phân loại hàng: Xanh lam,1m",5,1,"Có mgg 60% nên mua rẻ thật, cảm ơn shop nhiều nha",754426389.20411474590,3
congpu,"2022-10-05 20:14 | Phân loại hàng: Đen,1m",5,1,"Sản phẩm đúng như mô tả , shop gửi hàng cũng nhanh đóng gói rất là kỹ có mút chêm đàng hoàng mọi người nên mua ở shop này.",754426389.20411474590,5
d*****2,"2022-09-13 23:22 | Phân loại hàng: Đen,1m",5,1,"SP chất lượng khá tốt, hoàn thiện đẹp, giá vừa phải.

Shop xử lý đơn nhanh lẹ, shipper giao nhanh.",754426389.20411474590,0
d*****7,"2023-03-05 10:32 | Phân loại hàng: Đen,2m, Đen,1m",5,1,"Hàng đúng mô tả.
Dầy dặn có đèn ở đầu cắm.
Cắm sạc chắc chắn. Càm thấy ổn áp thong tầm giá.",754426389.20411474590,1
,"2022-10-22 17:14 | Phân loại hàng: Đen,1m",5,1,"Cáp sạc dài , sạc nhanh có cơ hội sẽ quay lại mua",754426389.20411474590,0
dangsaobang,"2024-05-11 14:45 | Phân loại hàng: Đen,1m",5,1,Giao hàng nhanh đúng số lượng đúng như mô tả săn sale lên cũng rẻ chất lượng phải dùng mới biết được,754426389.20411474590,0
dinotisinoplam,"2025-11-03 12:14 | Phân loại hàng: Đen,0.25m",5,1,"NÓ CHUNG LÀ AE MUA CON NÀY THÌ NGON KHỎI BÀN, ĐẸP, BỀN, ỔN ĐỊNH TỪ SẠC CHO TỚI CHUYỀN DỮ LIỆU. nói chung là nên mua",754426389.20411474590,0
saka9401,"2023-03-25 12:25 | Phân loại hàng: Đen,1m",5,1,"Cáp tốt, chất lượng tốt...cứng cáp,  giá rẻ..giao hàng nhanh...đóng gói tốt",754426389.20411474590,2
a*****1,"2026-01-02 00:58 | Phân loại hàng: Đen,2m, Đen,1m",5,1,"Xài thấy ok, bao bì chỉn chu nhé, giá quá là rẻ lunnn.",754426389.20411474590,0
,"2023-03-25 12:46 | Phân loại hàng: Đen,3m, Đen,2m",5,1,Giao hàng nhanh....đóng gói tốt...cáp chắc chắn...sạc nhanh...bền...mọi thứ đều tốt,754426389.20411474590,1
saka9401,"2023-03-03 12:44 | Phân loại hàng: Đen,0.25m",5,1,Cáp chất lượng..giao hàng nhanh...đóng gói tốt..cáp chắc chắn đủ hàng..mọi thứ đều tốt,754426389.20411474590,1
k*****k,"2023-03-12 14:28 | Phân loại hàng: Đen,1m",5,1,"Giá quá hời cho 1 chiếc dây sạc chất lượng, có đèn thông báo khi cắm sạc. Nên mua nha",754426389.20411474590,0
hungvu9020,"2024-06-29 22:07 | Phân loại hàng: Đen,1m",5,1,Dậy bọc vải cứng cáp. Rất là sịn. Giá cả hợp lý Nên mua nhé..,754426389.20411474590,1
taokhanhxm,"2025-06-08 09:01 | Phân loại hàng: Đen,1m",5,1,Mình dùg k50 ultra kích lên được 120w quá tuyệt vời. Cảm ơn shop nhé,754426389.20411474590,0
hdang29402,"2022-08-22 10:47 | Phân loại hàng: Đen,1m",5,1,"Sạc nhanh 18w cho đt , giao hàng nhanh đóng gói kỹ càng",754426389.20411474590,0
peterbmt47,"2024-10-27 13:45 | Phân loại hàng: Đen,1m",5,1,"Cổng này nhiều thiết bị cũ vẫn còn xài, nhiều khi tìm cũng mệt. Mua luôn về xài cho chuẩn.",754426389.20411474590,0
ngocngoc123hong,"2022-10-25 14:12 | Phân loại hàng: Xanh lam,1m",5,1,Cáp sạc đẹp và cứng cáp phần đầu sạc có đèn báo khi cắm vào ổ cắm là sáng lên chứ không phải sáng khi cắm vào điện thoại dây sạc không bị hư hao đóng gói rất cẩn thận có cả chống sốc,754426389.20411474590,0
d*****g,"2025-12-10 08:53 | Phân loại hàng: Đen,1m",5,1,Mua lần 2 rồi sản phẩm khá tốt sạc rất nhanh nhưng được 1 thời gian là hư,754426389.20411474590,0
c*****3,"2024-01-13 07:35 | Phân loại hàng: Đen,0.25m",5,1,"Dây bọc vải nhìn chắn chắn, bất ngờ với giá rẻ nhưng sạc  nhanh. Hy vọng dùng bền. Hàng nước ngoài nên gửi lâu,hơn tuần mới nhận đc hàng",754426389.20411474590,0
hotanvuong,"2025-08-30 12:11 | Phân loại hàng: Đen,1m",5,1,Mình đã mua hàng của shop rất nhiều .sản phẩm rất chất lượng,754426389.20411474590,0
qt4p571mnz,"2024-02-05 11:12 | Phân loại hàng: Đen,1m",5,1,Đóng gói đẹp.Nhìn. Hắc chắn.Chưa biết chất lượng ntn.,754426389.20411474590,0
l*****h,"2024-06-12 00:36 | Phân loại hàng: Đen,1m",5,0,"Giao hàng nhanh, săn hôm sale nên giá siêu rẻ. Mua dây sạc củ sạc của shop nhiều lắm rồi. Uy tín, chất lượng tốt. Nên mua mn nhé 👍👍👍",754426389.20411474590,0
ldhoa23,"2024-04-26 14:27 | Phân loại hàng: Đen,1m",5,0,Hàng chất lượng cao giá bán lại rẻ giao hàng rất nhanh MN nên mua ở shop này.,754426389.20411474590,0
saka9401,"2023-03-04 13:08 | Phân loại hàng: Đen,0.25m",5,1,Giao hàng nhanh...đóng gói tốt...cáp chất lượng tốt..cứng cáp...sạc nhanh...đúng mô tả,754426389.20411474590,0
dotancong89,"2023-02-16 13:40 | Phân loại hàng: Xanh lam,1m, Đen,1m",5,1,Dây mềm chư không cứng mà truyền nạp tốc độ cao là ok,754426389.20411474590,0
linhguay,"2025-12-24 09:56 | Phân loại hàng: Đen,1m",5,0,"Có nhiều sao hơn là mình cho luôn,rẻ mà chất lượng lắm mn,có dán để thu gọn dây như sạc lap top luôn,chắc chắn lắm,nên mua",754426389.20411474590,0
i_go_buy,"2023-02-23 07:00 | Phân loại hàng: Đen,2m",5,0,Dây khá dài mềm sạc nhanh vào có bóng ban đêm dễ tìm,754426389.20411474590,0
_*****6,"2024-06-07 15:50 | Phân loại hàng: Đen,1m",5,1,"Đóng gói cẩn thận, giao hàng nhanh, chất lượng ổn theo tầm giá.",754426389.20411474590,0
kenk1997vip,"2022-11-01 10:40 | Phân loại hàng: Đen,1m, Đen,0.25m",5,1,Giao nhanh đóng gói siêu kĩ chưa test thử nhưng nhìn bên ngoài khá chắc chắn và chất lượng nhưng mà có người yêu thì k nên mua vì người yêu thấy thì sẽ lấy làm của riêng luôn,754426389.20411474590,0
p*****6,"2023-12-29 11:25 | Phân loại hàng: Đen,1m",5,1,"Nhìn  cũng đẹp , chưa xài nên khg đánh giá .",754426389.20411474590,0
thanhtam.0507,"2022-10-13 10:32 | Phân loại hàng: Đen,0.25m",5,0,"Đóng gói cẩn thận, giao hàng nhanh. Sạc siêu nhanh luôn ấy, khéo nhanh hơn cái dây zin của mình. Có voucher nên mua 2 dây + ship có 44k thoai",754426389.20411474590,0
diepan123456789,"2023-04-01 07:53 | Phân loại hàng: Đen,1m",5,0,"Cứng cáp, đèn led không quá chói, shop đóng gói, giao hàng cũng cẩn thận và nhanh.",754426389.20411474590,0
thanhnhan210686,"2023-02-25 17:20 | Phân loại hàng: Đen,1m",5,1,Sản phẩm khá ok giá lại rẻ so với ngoài cửa hàng.shop giao hàng khá nhanh.,754426389.20411474590,0
ogadenk,"2024-11-26 22:18 | Phân loại hàng: Đen,1m",5,1,Mua lần đầu thấy okay quá 1 ngày sau đặt mua tp. Test thấy okay lắm. Nếu mà bền nữa chắc từ đây về sau chỉ mua phụ kiện ở đây quá ;)),754426389.20411474590,0
vta261096,"2023-10-19 10:20 | Phân loại hàng: Đen,1m",3,1,"Nhìn khá đẹp và chắc chắn nhưng mà sạc lại chậm. Máy không hỗ trợ sạc nhanh, nhưng bình thường cũng sạc tầm 2,5 tiếng đầy, dùng dây này 3,5 tiếng chưa đầy.",754426389.20411474590,0
v*****1,"2022-12-13 12:45 | Phân loại hàng: Đen,1m",5,1,Sản phẩm tốt sẽ khá nhanh có đèn led Xứng đáng với giá tiền.,754426389.20411474590,0
n*****4,"2024-08-30 23:16 | Phân loại hàng: Đen,3m",5,0,"sạc nhanh , tốt 
sản phẩm tốt hình ảnh và video chỉ mang tính chất nhận xu",754426389.20411474590,0
truongquoc2901,"2022-12-06 22:01 | Phân loại hàng: Xanh lam,2m",5,1,"Sản phẩm ok giao hàng đúng mẫu sạc rất ok, giao hàng nhanh, shiper nhiệt tình",754426389.20411474590,0
k*****1,"2025-05-10 10:02 | Phân loại hàng: Đen,2m",5,1,Giao hàng nhanh. Shop uy tín. Sản phẩm chất lượng. Ủng hộ thêm,754426389.20411474590,0
conmuaquabuon,"2023-01-13 13:31 | Phân loại hàng: Đen,1m",5,1,"Shop bán hàng đầy đủ.cho shop 5 sao,nhớ đánh giá người mua 5 sao nhé shop",754426389.20411474590,0
tieuly6767,"2022-11-16 22:26 | Phân loại hàng: Xanh lam,2m",5,0,Hình ảnh chỉ mang tính chất nhận xu.  Giao hàng nhanh. Sản phẩm đúng mô tả,754426389.20411474590,0
j*****5,"2025-04-20 15:31 | Phân loại hàng: Đen,1m",5,1,"Dây sạc tốt, chắc chắn nên ko sợ bị đứt, sạc nhanh, nên mua nha.",754426389.20411474590,0
lethaovy2003,"2023-03-10 13:35 | Phân loại hàng: Đen,1m",5,1,"Dây sạc chất lượng tốt, shop đóng gói hàng nhanh và cẩn thận nha",754426389.20411474590,0
tranhaodanhtran,"2026-04-01 12:49 | Phân loại hàng: Đen,1m",5,1,Shop chuẩn bị hàng nhanh giá rẽ hợp lý mua dùm nên chưa biết,754426389.20411474590,0
thanhtam.0507,"2023-03-15 20:32 | Phân loại hàng: Đen,0.25m",5,0,"Giao hàng nhanh dsongs gói cẩn thận 
Giao hàng nhanh, rẻ còn có mã giảm giá. Đóng gói cẩn thận, mà mua lộn dây phải mua thêm đầu chuyển đổi",754426389.20411474590,0
t*****r,"2023-05-16 21:04 | Phân loại hàng: Đen,2m",5,0,Sản phẩm chất lượng cực kỳ tốt vượt ngoài mong đợi. Shop đóng gói và giao hàng nhanh. Mình chân thành cảm ơn shop nhiều lắm luôn ạ ❤️❤️,754426389.20411474590,0
n*****h,"2025-12-04 18:06 | Phân loại hàng: Đen,1m",5,0,"Cáp sạc dùng okila, shop đóng gói cẩn thận, giao hàng nhanh. Mọi người nên mua nhé . Dhsjwjgsnwhebebegege",754426389.20411474590,0
huydzvcl,"2023-12-05 22:49 | Phân loại hàng: Đen,1m",5,1,Thích mua của hàng này vì nó đẹp trông chắc chắn mà lại bền nên ủng hộ hãng,754426389.20411474590,0
h*****g,"2023-08-07 10:08 | Phân loại hàng: Đen,0.25m",5,1,"Sản phảm đúng mô tả. Shop chuẩn bị hàng nhanh, đóng gói hàng kĩ!",754426389.20411474590,0
c*****3,"2023-03-18 16:00 | Phân loại hàng: Xanh lam,2m",5,1,Dây cáp dài 2m dẫn điện đi xa tốt..sạc nhanh đầy pin như kèm theo máy điện thoại.,754426389.20411474590,0
h*****9,"2023-03-23 11:29 | Phân loại hàng: Xanh lam,1m, Đen,1m, Đen,0.25m",5,1,Đúng với mô tả đóng gói cẩn thận giao hàng nhanh mua được combo giá rẻ,754426389.20411474590,0
l*****9,"2023-03-18 15:01 | Phân loại hàng: Đen,2m",5,1,"Giao hàng nhanh, dây to nhìn chắc chắn, hoàn thiện tốt, sạc ổn, sẽ ủng hộ shop lần sau.",754426389.20411474590,0
thanhthaoto0909,"2023-04-06 23:22 | Phân loại hàng: Đen,1m",5,1,"Sạc nhanh giao nhanh shipper thân thiện 
Rẻ hàng tốt sẽ mua lại",754426389.20411474590,0
manh.5,"2023-02-18 11:41 | Phân loại hàng: Đen,1m",5,1,Sản phẩm rất tốt trong tầm giá nha mọi người ơi mong mn mua sp.,754426389.20411474590,0
c0ixeyy_yd,"2023-11-02 10:53 | Phân loại hàng: Đen,2m",5,1,Sản phẩm cáp sạc thấy cũng oke trong tầm giá...giao hàng nhanh..cảm thấy hài lòng về sản phẩm nha,754426389.20411474590,0
,"2023-03-19 12:20 | Phân loại hàng: Đen,1m",5,0,"Tuyệt vời, chất lượng, nên mua, giá rẻ.",754426389.20411474590,0
1*****9,"2023-12-09 22:37 | Phân loại hàng: Đen,1m",5,0,"Sản phẩm tốt, giao hàng nhanh, giá rẻ, đánh giá 5*",754426389.20411474590,0
nkh984,"2022-11-16 15:17 | Phân loại hàng: Xanh lam,1m",5,0,"Giao hàng nhanh, đẹp, chất lượng.",754426389.20411474590,0
b*****1,"2024-08-06 23:11 | Phân loại hàng: Đen,1m",5,0,"Dây cáp rẻ, sài oke, chất lượng cao nên mua nhennnnnn",754426389.20411474590,0
ngocuong7967,"2025-11-03 19:39 | Phân loại hàng: Đen,2m",5,0,Giao hàng nhanh.đóng gói cẩn thận.Đã mua hàng cúa shop vài lần rồi.,754426389.20411474590,0
b*****2,"2025-07-24 10:35 | Phân loại hàng: Đen,1m",5,0,"Dùng ổn, giả rẻ, đã mua dây lần thứ 3 rồi. Rất oke nha.",754426389.20411474590,0
daotronggiang,"2023-02-20 11:10 | Phân loại hàng: Xanh lam,1m",5,1,Đúng nhu cầu,754426389.20411474590,0
chosphocsoc,"2023-11-22 12:29 | Phân loại hàng: Đen,1m",5,0,"sạc rẻ mà chất lượng lắm luôn
sạc rất nhanh
sẽ ủng hộ shop",754426389.20411474590,0
mrquang135,"2022-11-18 21:30 | Phân loại hàng: Xanh lam,2m",5,0,"Ngon lắm, giá rẻ mà ăn đứt một số hãng khác",754426389.20411474590,0
nga_viet_789,"2023-04-21 12:32 | Phân loại hàng: Xanh lam,2m",5,1,Se ủng hộ dài dài,754426389.20411474590,0
y*****8,"2025-11-27 17:21 | Phân loại hàng: Đen,1m",5,0,"Dây bọc dù chắc chắn, tải hơn, có đèn báo vào điện, giá phù hợp nhưng giao hàng từ nước ngoài thì hơi lâu thôi",754426389.20411474590,0
chiuchiu_223,"2022-10-12 18:02 | Phân loại hàng: Đen,1m",5,1,"Đóng gói tốt, giao hàng nhanh, chất lượng sản phẩm tốt nên mua nha mọi người",754426389.20411474590,0
peonguy3n,"2024-04-14 17:17 | Phân loại hàng: Đen,1m",5,0,Giao hàng nhanh. Đúng như mô tả lắp ăn ngay hoạt động tốt lần sau sẽ ủng hộ thêm,754426389.20411474590,0
nhuhoa0511,"2023-01-11 09:20 | Phân loại hàng: Xanh lam,1m, Đen,1m",5,1,"Giao hàng siêu nhanh, cáp sạc khá là oke, tầm 2 tiếng là đầy pin",754426389.20411474590,0
,"2023-02-12 21:47 | Phân loại hàng: Đen,1m",5,0,,754426389.20411474590,0
2*****9,"2026-04-03 14:25 | Phân loại hàng: Đen,1m",5,0,Sản phẩm ổn dùng đc lâu n,754426389.20411474590,0
,"2022-09-23 11:10 | Phân loại hàng: Đen,1m",5,1,Giao hàng nhanh uy tín chất lượng đúng mẫu mã cắhc cắhn đẹp đẹp,754426389.20411474590,0
h*****1,"2022-10-15 12:49 | Phân loại hàng: Đen,1m",5,0,Rất đáng mua giá rẻ chất lượng sạc nhanh,754426389.20411474590,0
lethihien300794,"2024-02-03 22:12 | Phân loại hàng: Đen,1m",5,0,Sẽ quay lại nha nha,754426389.20411474590,0
quyenphung19_07.,"2025-02-17 06:31 | Phân loại hàng: Đen,1m",5,0,"Giao hàng đúng đầy đủ, đóng gói cẩn thận 
Hình ảnh và video chỉ mang tính chất nhận xu",754426389.20411474590,0
anhthunguyen0609,"2022-11-25 09:41 | Phân loại hàng: Đen,0.25m",5,0,"Vừa nhận , không biết còn bề k , nhưng dùng đang ổn , giao hàng nhanh chỉ 1 2 ngày",754426389.20411474590,0
hoangnh7vt,"2025-11-05 20:40 | Phân loại hàng: Đen,1m",5,0,"Sản phẩm dùng tốt, giá ok",754426389.20411474590,0
subinka123,"2022-09-09 19:15 | Phân loại hàng: Đen,1m",5,0,"Dây cap dày chắc chắn, hai đầu chui cấm thì tạm, có led báo,,",754426389.20411474590,0
,"2022-09-15 07:33 | Phân loại hàng: Xanh lam,1m",5,0,Dung sản phẩm dat mua trên shop chất lượng chưa biết để xem sau,754426389.20411474590,0
congpu,"2023-01-09 12:45 | Phân loại hàng: Đen,1m",5,1,Hình ảnh không liên quan.đã mua  ở shop này 2 lần rồi tất cả đều tốt.,754426389.20411474590,0
duyrua1984,"2025-10-03 19:46 | Phân loại hàng: Đen,0.25m",5,0,Mua lần 2 vì nhiều lúc có những thiết bị đời cũ cần sạc. Thấy cáp sạc cũng chắc chắn.,754426389.20411474590,0
,"2024-02-06 21:40 | Phân loại hàng: Đen,1m, Đen,0.25m",5,1,Hàng ok tốt nên mua cảm ơn shop nhiều thanks shop lấy xu hàng tốt,754426389.20411474590,0
haikita,"2024-04-11 17:23 | Phân loại hàng: Đen,1m",5,0,,754426389.20411474590,0
u*****3,"2023-02-05 07:52 | Phân loại hàng: Đen,1m",5,0,"Dây sạc oki nek, chắc chắc có đèn ở đầu sạc nhìn xịn wá nek , nên mua nhak",754426389.20411474590,0
tancuong050100,"2022-11-07 13:26 | Phân loại hàng: Đen,0.25m",5,0,"Đóng gói ổn, giao hàng đúng hạn, dây rẻ mong chất lượng ổnnnnn",754426389.20411474590,0
lientran21697,"2022-12-18 16:46 | Phân loại hàng: Đen,2m",5,1,"Sản phẩm tốt nhé. Mọi người mua được, thấy giá cũng oke. Ủng hộ",754426389.20411474590,0
dzduc2003,"2023-03-19 13:41 | Phân loại hàng: Xanh lam,1m",5,1,"sản phẩm rất ok , sạc nhanh nữa",754426389.20411474590,0
x*****n,"2022-12-12 11:31 | Phân loại hàng: Xanh lam,1m",5,0,"Cáp chất lượng. Có túi bảo vệ, đóng gói cẩn thận. Cần sẽ mua tiếp",754426389.20411474590,0
thanh91trang,"2023-09-14 15:05 | Phân loại hàng: Đen,1m",5,0,Hy vọng sẽ bền chứ cũng chẳng có gì cả chủ yếu là đủ 50 ký tự để nhận xu thôi mà chưa biết đủ chưa đây,754426389.20411474590,0
congtuong91,"2022-09-21 11:42 | Phân loại hàng: Đen,1m",5,1,"Mua lần 2 ,đặt type C nhầm qua micro nhưng đã có đầu chuyển đổi nên vẫn dùng được",754426389.20411474590,0
pham.pvdung,2025-07-13 15:10 | Phân loại hàng: Be,5,1,"Shop đóng gói cẩn thận. Giao hàng nhanh và nhân viên giao hàng thân thiện. Sp nhìn đẹp, giống như mô tả và chắc chắn. Chất lượng phải qua sử dụng mới đánh giá được. Tuy nhiên vẫn cho shop năm sao.",888370483.25273889730,44
trucly236385,2025-05-26 11:19 | Phân loại hàng: Hồng,5,1,"Giao hàng nhanh 
Đóng gói kĩ 
Màu hồng.nhỏ xin ..dễ thương 
Giá cả hợp lý 
Âm thanh to , rõ 
Sẽ quay lại ủng hộ shop lần sau 
Nên mua nhen mọi người",888370483.25273889730,101
hien_888,2025-05-11 22:08 | Phân loại hàng: Be,5,1,"Shop giao hàng nhanh,nghe thử thi kết nối nhanh,tiếng vừa nghe kg bi rè,nghe 2 bên nhưng tháo ra 1bên là ngắt kết nối,mới thử nên chưa biết cầm dc pin mấy tiếng,giá rẻ nên chất lượng vậy la hợp lí rồi",888370483.25273889730,60
duyphuonggvu,2024-12-11 20:38 | Phân loại hàng: Trắng,5,1,"hợp bé, nhỏ gọn dễ cầm, đút túi k rơi
thiết kế na ná giống air pods của apple:))
sáng nghe 1 bên đc tầm 4 tiếng, cho vào hộp sạc lại chiều nghe lại bên đấy vẫn nghe đc, tối chưa sạc mà nghe đc hơn 2 tiếng nữa
nói chung là ngon, nghe mỗi 1 bên thôi thì pin bền",888370483.25273889730,62
kanime364,2025-05-07 22:19 | Phân loại hàng: Be,5,1,"Chưa dùng thời gian dài nên chưa rõ độ bền, trước mắt thì mình thấy dùng ok, mn yên tâm mua",888370483.25273889730,43
anhnguyennhat165,2025-07-30 18:45 | Phân loại hàng: Trắng,5,1,"Tai nghe senbenbao để nghe tính năng tốt, màu trắng sạch sẽ mịn màng, kết nối blootooth điện thoại rất tốt, tai nghe nghe rõ ràng, kết nối mượt, pin trâu có sạc pin kèm theo rất thích",888370483.25273889730,5
2qii2un20s,2025-03-13 13:42 | Phân loại hàng: Be,5,1,"hợp bé, nhỏ gọn dễ cầm, đút túi k rơi
thiết kế na ná giống air pods của apple:))
sáng nghe 1 bên đc tầm 4 tiếng, cho vào hộp sạc lại chiều nghe lại bên đấy vẫn nghe đc, tối chưa sạc mà nghe đc hơn 2 tiếng nữa
nói chung là ngon, nghe mỗi 1 bên thôi thì pin bền",888370483.25273889730,12
h*****.,2025-05-05 13:45 | Phân loại hàng: Trắng,5,1,"Giao hàng nhanh, đóng gói cẩn thận. Tai nghe rất ok. Còn ko biết độ bền thế nào.  Hiện tại thấy dùng tốt.",888370483.25273889730,9
zjsbpgkzlc,2025-08-05 14:08 | Phân loại hàng: Trắng,5,1,"Dùng ok phết ae:"")))) Bluetooth kết nối nhanh mà âm thanh ổn nha",888370483.25273889730,0
nhattan.nguyen,2024-06-30 18:31 | Phân loại hàng: Be,5,1,"Nói thật các bạn nên mua đi, k biết dùng lâu dài sao chứ nhìn nó mini mà nghe nhạc phê phải biết, chạm cảm ứng khá nhạy, dùng 1 tháng hư cũng hơn 50k thôi @@",888370483.25273889730,143
tranqqtranqq27,2025-06-04 11:06 | Phân loại hàng: Hồng,5,1,"giao hàng nhanh, âm thanh từ tai nghe êm, rõ. phù hợp với giá tiền. mng trải nghiệm nhaaa, có 3 màu siuuu iu đó -))",888370483.25273889730,8
honcamly,2025-04-24 14:04 | Phân loại hàng: Trắng,5,1,"Hàng về nhanh, nhỏ gọn, kết nối tốt, nghe ok. Chất lượng chờ thời gian, giá quá rẻ. 5 sao cho Shop, nv giao hàng",888370483.25273889730,7
thuyylammm,2026-04-01 15:17 | Phân loại hàng: Trắng,5,1,"Shop giao hàng nhanh. Đóng gói cẩn thận. Tai nghe nghe khá ổn, k bị rè. Có kèm sạc đi cùng. Nói chung với giá rẻ như này thì cũng k đòi hỏi gì hơn.",888370483.25273889730,0
q*****t,2025-07-09 14:12 | Phân loại hàng: Hồng,5,1,"Giao cũng nhanh, tai nghe nhỏ gọn, nghe âm thanh cũng được, chưa dùng lâu chưa biết bền không",888370483.25273889730,2
duyenha687,2025-09-14 18:06 | Phân loại hàng: Be,5,1,"Giao hàng nhanh, hàng khá oke

Ổn nha mấy nbjhoajyfm
Ữ
Dù Cho Tận Thế Vẫn Yêu Anh Vẫn Luôn Yêu Anh
Đừng Hòng Ai Dành Lấy Em Không Buôn
Dẫu Cho Thời Gian Khiến Em Quên Lãng
Chỉ Nhớ Mình Anh Mình Anh Lấy Thôi",888370483.25273889730,0
h*****y,2025-07-12 11:15 | Phân loại hàng: Trắng,5,1,"Hàng tốt, nghe rõ, 0 bị rè, mới dùng lâu nên 0 bt chất lg ra sao nhma thấy dùng tốt lắm nên mua nha",888370483.25273889730,2
n*****c,2025-06-09 09:54 | Phân loại hàng: Hồng,5,1,"Sản phẩm tốt ... Mình tết  ghê thử thấy loa to , rõ ràng còn nghe được lâu ko thì chưa biết chấm shop 5sao nhé",888370483.25273889730,9
h*****5,2025-05-22 20:45 | Phân loại hàng: Hồng,5,1,"Giao hàng nhanh dù là hàng nước ngoài, tai nghe khá êm, thiết kế nhỏ gọn, nch là ok với mức giá",888370483.25273889730,1
t*****a,2025-03-26 14:09 | Phân loại hàng: Be,5,1,"Đóng gói sản phẩm chắc chắn , giao hàng nhanh . Mới sử dụng nên chưa đánh giá dc chất lượng.",888370483.25273889730,8
hoangganhnng,2025-07-14 12:58 | Phân loại hàng: Trắng,5,1,"nghe êm phết, pin cũng bền, nhỏ gọn dễ mang theo, nhìn bóng bẩy các thứ, t đặt cho mẹ nên mẹ t thấy s t bảo vậy ^^",888370483.25273889730,4
ngocvan408,2025-07-03 12:32 | Phân loại hàng: Be,5,1,,888370483.25273889730,2
6t9121ej_f,2026-03-01 13:38 | Phân loại hàng: Trắng,5,1,"Tai nghe Bluetooth mang lại sự tiện lợi tối đa nhờ thiết kế không dây, kết nối ổn định (Bluetooth 5.0-5.3)âm thanh chất lượng cao và tích hợp ANC (chống ồn chủ động), rất phù hợp cho di chuyển và làm việc. Nhược điểm là cần sạc pin, có thể có độ trễ nhẹ khi chơi game và rủi ro rơi mất (với dòng True Wireless). 
Edifier Việt Nam
Edifier Việt Nam
 +4",888370483.25273889730,0
phnsn180,2026-04-05 07:24 | Phân loại hàng: Trắng,5,1,"Shop đóng gói cẩn thận, giao hàng nhanh, sale đc giá rẻ mà chất lượng cũng ok. Nghe rõ, thiết kế nhỏ gọn tiện lợi, pin nghe cũng đc lâu, sạc nhanh.",888370483.25273889730,0
quyduong849,2026-01-06 06:59 | Phân loại hàng: Be,5,1,Chất lượng tốt nên Mua giá rẻ âm thanh lớn cái cũ của mình đang dùng âm thanh nó kg lớn bằng. Sẽ mau lại lần sau,888370483.25273889730,0
h32c7lsk8s,2024-12-02 12:05 | Phân loại hàng: Be,5,1,Rẻ mà nghe khá ổn áp cầm chắc tay nói chung khá ok nên mua nhé,888370483.25273889730,41
u*****6,2025-07-05 19:41 | Phân loại hàng: Trắng,5,1,"Kết nối Bluetooth với thiết bị thông minh.Được làm từ chất liệu bền, đẹp nhưng giá rất hợp lí nha. Tóm lại là những ai đg có nhu cầu mua tai nghe thì nên thử nhé!",888370483.25273889730,0
phngcng357,2026-01-29 22:14 | Phân loại hàng: Be,5,1,Nhận hàng đủ số lượng. Shipper thân thiện nhiệt tình. Nghe thử một thời gian thấy khá tốt. Sẽ tiếp tục ủng hộ shop trong thời gian tới,888370483.25273889730,0
fkbn3jxz5mxetzjjs7uf1u5cys26,2025-05-12 12:40 | Phân loại hàng: Be,5,1,"Giao hàng nhanh âm thanh nổi bật, thời gian sử dụng pin có bền không quay lại đánh giá.",888370483.25273889730,1
hanhung235,2024-12-26 18:16 | Phân loại hàng: Be,5,1,"Giao hàng đúng dự kiến 
Sản phẩm đóng gói cẩn thận
Chất lượng sản phẩm tốt",888370483.25273889730,3
giadinh5571,2025-07-09 21:50 | Phân loại hàng: Be,5,1,"Tai nghe có kiểu dáng đẹp, âm thanh tuyệt vời. Shop gói hàng chắc chắn, gửi hàng nhanh xứng đáng 5 sao cho tất cả.",888370483.25273889730,0
lvhqn9jpa2,2025-08-04 11:42 | Phân loại hàng: Trắng,5,1,"Nghe tốt, kết nối nhanh, vẻ ngoài nhìn giống aiport của apple. Âm thanh rõ ràng, pin sạc đầy có thể sử dụng 2-4 tiếng.",888370483.25273889730,1
bhmgszw4jo,2025-08-24 10:10 | Phân loại hàng: Be,5,1,"Đẹp chắc chắn, âm thanh nghe trong k bị rè tốt cảm ứng ở tay nghe nhậy",888370483.25273889730,0
thuxinh.12,2025-09-04 09:32 | Phân loại hàng: Trắng,5,1,"Săn sale nên rẻ lắm, shop đóng gói cẩn thận nè, loa to dùng cũng đc tầm 2 tiếng",888370483.25273889730,0
thuxinh.12,2025-09-04 09:29 | Phân loại hàng: Hồng,5,1,"Săn sale nên rẻ lắm, shop đóng gói cẩn thận nè, loa to dùng cũng đc tầm 2 tiếng",888370483.25273889730,0
hanvyyoon,2025-03-28 09:34 | Phân loại hàng: Hồng,5,1,"Nhỏ nhỏ nhưng mà âm thanh ok nha, vừa khuôn tai nên nghe nhạc không bị ồn mặc dù để loa âm lượng nhỏ. Âm thanh chất lượng cao nên nghe đã lắm.",888370483.25273889730,8
d*****h,2025-05-26 16:57 | Phân loại hàng: Be,5,1,Sản phẩm ok mua lại lần thứ 2 của shop rôi,888370483.25273889730,1
vthp0707,2024-12-06 10:32 | Phân loại hàng: Trắng,5,1,"Mình vừa mua một món hàng tại shop và rất hài lòng với sản phẩm cũng như dịch vụ của shop.

Món hàng này đúng như mô tả, có mẫu mã đẹp mắt, màu sắc tươi sáng và kích thước phù hợp với nhu cầu của mình. Mình rất thích món hàng này và sẽ tiếp tục ủng hộ shop trong những lần mua sắm tiếp theo.

Ngoài ra, mình cũng đánh giá cao dịch vụ chăm sóc khách hàng của shop. Nhân viên tư vấn rất nhiệt tình và chu đáo, giải đáp mọi thắc mắc của mình một cách tận tình. 
Nhìn chung, mình rất hài lòng với trải nghiệm mua sắm tại shop này. Mình đánh giá 5 sao cho shop và sẽ tiếp tục ủng hộ shop trong tương lai.",888370483.25273889730,28
,2025-06-18 22:13 | Phân loại hàng: Hồng,5,1,"Giao hàng nhanh, đúng, đủ. Gói hàng cẩn thận. Mẫu mã đẹp. Có hộp đựng và dây sạc. 52k.",888370483.25273889730,8
moonoanh326,2025-11-20 16:07 | Phân loại hàng: Be,5,1,"Chưa dùng chưa by , nghe ổn á nghe thử 1 lần kết nối cx nhanh",888370483.25273889730,0
btkl_92,2024-11-13 21:29 | Phân loại hàng: Hồng,5,1,"Sản phẩm rất chất lượng, đáng giá với giá tiền.
Giao hàng nhanh chóng và đóng gói sản phẩm cẩn thận.
Chất lượng sản phẩm vượt xa mong đợi của tôi, rất hài lòng.
Sản phẩm đáng mua, đáng bỏ tiền.
Hình ảnh và mô tả sản phẩm chính xác, hài lòng hơn mong đợi.
Dịch vụ khách hàng rất tốt, shop hỗ trợ nhiệt tình, sẽ ủng hộ lần sau.
Sản phẩm giao nhanh và an toàn, không bị hỏng hóc.
Hàng nhận đóng gói chắc chắn.
Chất lượng sản phẩm như hàng hiệu.
Giá đúng với lượng sản phẩm.
Sản phẩm giống như mô tả trên trang web, không có sự chênh lệch đáng kể.",888370483.25273889730,5
muzikkkkkk,2025-01-13 00:50 | Phân loại hàng: Be,5,1,Đỉnh nóc kịch trần t dùng bị làm rơi mấy lần mà nó cx kh hư nhe mấy mom nchung là đc,888370483.25273889730,13
v*****5,2025-07-04 11:18 | Phân loại hàng: Trắng,5,1,"Sản phẩm : Dùng để nghe nhạc 
Thiết kế : Nhỏ gọn đẹp mắt và dễ sử dụnggggggggg
- sản phẩm đóng gói cẩn thận 
- Giao hàng nhanh 
- Nhỏ gọn dễ mang đi du lịch 
- cầm đầm tay
- Rất phù hợp phục vụ cho việc học hành và giải trí
- nên ai cũng có nên sở hữu em nó 
- shop nhiệt tình sẽ ủng hộ shop dài dài🥰",888370483.25273889730,2
e2fj1kmnqv,2025-06-23 07:43 | Phân loại hàng: Be,5,1,"Nhỏ gọn,mang đi chs tiện.Ngoài ra,shopp còn  có kèm thêm cho chtaa 1 dây sạc nhé khi nào mà hết pin tai nghe thì chtaaaaa bỏ ra để sạc tầm 
2-3tiếng là đầy tuiii đoán như vậy:))))))",888370483.25273889730,4
thobta01,2026-03-07 14:03 | Phân loại hàng: Hồng,5,1,"san pham vua re vua chat luong, moi nguoi nen mua san pham dung nhe, san pham nho gon de dung, hàng trên shoppe mall là uy tín lắm ne",888370483.25273889730,0
hongcmhuy,2026-02-13 20:51 | Phân loại hàng: Trắng,5,1,"Sản phẩm tốt, thiết kế đẹp, âm thanh hay, đeo vào ko bị kích tai nên khá thoải mái, lần tới sẽ ủng hộ shop tiếp",888370483.25273889730,0
lynk14,2025-09-08 17:36 | Phân loại hàng: Be,5,1,Tai nghe nhỏ gọn dễ mang theo rất ok đáng tiền nên thử cảm ơn shop nhiều nha,888370483.25273889730,0
xnghijupt,2026-02-28 16:29 | Phân loại hàng: Trắng,5,1,"kết nối dễ dàng, âm thanh rõ, sản phẩm được đóng gói rất kĩ. cầm chắc tay, có kèm dây sạc. rất đáng trải nghiệm",888370483.25273889730,0
p*****7,2025-11-13 14:18 | Phân loại hàng: Be,5,1,Nghe chất lượng âm thanh rất tốt giá phải chăng sẽ ủng hộ tiếp,888370483.25273889730,0
sanghoaquan,2025-07-21 10:02 | Phân loại hàng: Be,5,1,"Sản phẩm đúng mô phỏng chất lượng khá tốt trong tầm giá ,nghe rất êm để tập thể dục cho thêm động lực tập, shop giao hàng nhanh giá thành sản phẩm rẻ,sẽ tiếp tục ủng hô shop",888370483.25273889730,0
,2025-02-10 19:16 | Phân loại hàng: Trắng,5,1,"Giao hàng ko dc nhanh cho lắm và bao bọc cx ko kĩ nhưng vẫn cho 5 sao vì nghe rất tốt, pin dùng cx lâu, sạc nhanh. Nói chung là cx nên mua nha vì giá cả hợp lí, cs gần 50k thoi. Cs cơ hội ủng hộ shop tiếp",888370483.25273889730,1
nhandogaming1333,2025-11-10 16:27 | Phân loại hàng: Hồng,5,1,"Sản phẩm giao nhanh, tai phone giá bình dân nghe tạm ổn. Với giá thành này như vậy là ok lắm rồi",888370483.25273889730,0
trnhnh210,2025-06-26 11:03 | Phân loại hàng: Trắng,5,1,"Sản phẩm tốt, sử dụng nghe rõ và to. Nên mua nha mọi người. Ủng hộ shop lần sau",888370483.25273889730,0
m*****9,2025-04-23 21:53 | Phân loại hàng: Be,5,1,Nói chung là cũng tạm được. Hàng quốc tế nhưng chuẩn bị mà giao nhanh cho shop năm sao quên mất nay mới đánh giá để nhận xu,888370483.25273889730,3
quanghmnh,2025-01-09 22:30 | Phân loại hàng: Be,5,1,Chat luong san pham tot gia ca phai chang giao hang du so luong dung hen lan sau ung ho shop,888370483.25273889730,1
yy1ek8935n,2025-10-02 13:10 | Phân loại hàng: Trắng,5,1,Sản phẩm chắc lâu chưa sạc nghe đc nhưng đợi sạc đầy đánh giá sau về cơ bản là rất ổn. Nếu sạc đầy nghe hay là ok.,888370483.25273889730,0
n*****y,2025-08-27 16:50 | Phân loại hàng: Trắng,5,1,"Sản phẩm giao nhanh, đóng gói cẩn thận, săn được giá hời , tai nghe nhỏ gọn, nên mua",888370483.25273889730,0
hathichi16,2025-06-26 12:49 | Phân loại hàng: Be,5,1,Sản phẩm đúng với quảng cáo Pin dùng cũng được lâu nói chung với giá tiền này tạm ổn,888370483.25273889730,0
27_diamond,2025-07-21 23:04 | Phân loại hàng: Hồng,5,1,"Nghe ổn , tầm giá này thì cũng bình thường, cũng êm , nghe được 4 tiếng á , màu Hồng dễ thương",888370483.25273889730,0
,2025-05-23 12:41 | Phân loại hàng: Trắng,5,1,"Tai nghe rất tốt so với giá tiền bỏ ra, thiết kế hộp nhỏ,  âm thanh trầm ấm không rè, giao nhanh. Thời lượng pin cũng lâu.",888370483.25273889730,2
d*****n,2025-07-02 19:50 | Phân loại hàng: Be,5,1,"Mua cho bạn dùng, tự động kết nối với đt người khác luôn. Hài dữ 😂😂😂 cái của mình thì tự động ngắt kết nối",888370483.25273889730,0
r1sa36kopq,2025-07-18 10:44 | Phân loại hàng: Trắng,5,1,"Tại nghe đẹp, nghe hay. Mình rất thích nhé. Độ bền thì chưa biết hehe tạm thời thì thấy rất OK",888370483.25273889730,0
t*****4,2025-07-09 21:12 | Phân loại hàng: Be,5,1,,888370483.25273889730,1
oanh5555555555555,2025-10-19 23:43 | Phân loại hàng: Hồng,5,1,"Sạc 1 lần là dùng đc cũng khá lâu , mn mua xài ổn lắm nha , sạc lining",888370483.25273889730,0
4tdosk72hw,2025-08-19 11:45 | Phân loại hàng: Trắng,5,1,"Âm thanh chất lượng cao, nỏ gọn, thuận tiện khi đi lại, vừa trong túi, pin lâu, giao hàng nhanh, không trầy xước, đóng gói kỹ càng",888370483.25273889730,0
l*****5,2025-06-11 15:15 | Phân loại hàng: Trắng,5,1,"Mua lâu rồi mà giờ mới đánh giá
Hàng quốc tế nhưng giao khá nhanh
Rẻ đẹp nhưng không biết có bền không
Để sài thêm 1 thời gian như nào",888370483.25273889730,2
h*****2,2025-07-20 21:11 | Phân loại hàng: Trắng,5,1,"Ưa điểm nhỏ gọn dễ mang theo bên người
Pin trâu nghe cả 1 buổi sáng chỉ mất tầm 15 20% 
Còn bền hay không thò k biết",888370483.25273889730,0
nntvi11,2025-06-06 07:00 | Phân loại hàng: Trắng,5,1,"Sản phẩm đáp ứng đầy đủ các yêu cầu kỹ thuật đề ra.

Các chi tiết được thiết kế chính xác, đảm bảo độ bền và độ ổn định khi hoạt động.

Có khả năng chịu được tải trọng và điều kiện làm việc thực tế.",888370483.25273889730,0
lelavender242,2024-12-17 18:31 | Phân loại hàng: Trắng,5,1,Giá rẻ mà nghe ok lắm ạ! Vì mình k hay nghe nên k để ý âm có ok k? Nhưng mà chống ồn tốt lắm,888370483.25273889730,12
t*****3,2026-02-11 19:32 | Phân loại hàng: Đen,5,1,Nó hơi nhạy nhưng mà nó rất oke nha âm thanh ổn này là airpod 2 nha mà pin rất oke nha tui thấy tui sài đc khoảng 6-8 tiếng á,888370483.25273889730,0
thomtran1993,2025-06-11 19:40 | Phân loại hàng: Hồng,5,1,Với giá này thì ko mong chờ gì nhìu NV là quá tốt rồi,888370483.25273889730,2
baobinh2012,2026-03-09 15:18 | Phân loại hàng: Trắng,5,1,"giá rẻ- đúng hãnng. không bị rè. chân sạc iphone. 1,5h mỗi lần sử dụng. mỗi lần nghe một bên, hết pin đổi bên kia nghe tip",888370483.25273889730,0
chipprincess_lucky,2025-07-12 08:07 | Phân loại hàng: Trắng,5,1,"SĂN SALE VỚI GIÁ 39K NHƯNG CHẤT LƯỢNG MIỄN BÀN NHA, KẾT NỐI BLUETOOTH NHANH LẮM Ạ, ÂM THANH TO RÕ RÀNG, NÓI CHUNG LÀ HỜI LẮM",888370483.25273889730,0
thuytrinh960,2025-07-26 14:00 | Phân loại hàng: Trắng,5,1,Được tặng kèm thêm dây sạc giá ổn mình mua tầm 63k,888370483.25273889730,0
kimhue1234567890,2025-04-26 18:31 | Phân loại hàng: Be,5,1,Nếu hệ nghèo như mình thì mua này dùng cũng được còn hệ nào giàu mua android mà dùng,888370483.25273889730,0
t*****2,2025-05-28 09:47 | Phân loại hàng: Trắng,5,1,"Đóng gói chắc chắn, giao hàng nhanh. 
Tai nghe ổn, êm",888370483.25273889730,1
nhiiyen575,2025-11-21 23:02 | Phân loại hàng: Trắng,5,0,Hàng nghe siu êm tai kết nối với Bluetooth dễ dàng âm thanh nghe đãaa,888370483.25273889730,0
,2025-07-10 11:03 | Phân loại hàng: Trắng,3,1,Nói chung hàng đẹp giao hàng nhanh shipper thân thiện giá thành ok nhưng săn được rẻ hình ảnh chỉ mang tính chất nhận xu nên mọi người thông cảm nói chung cho shop 5 sao còn chất lượng chưa sử dụng nên chưa biết nếu sản phẩm tốt thì sẽ quay lại mua cho shop lần nữa,888370483.25273889730,0
thanhmainguyn318,2025-06-19 21:05 | Phân loại hàng: Hồng,5,1,"Dùng ok nghe ổn nma pin chỉ được 3-4 tiếng nếu nghe liên tục, nói chung là rẻ nên ok",888370483.25273889730,0
mailoanhaidang,2024-08-11 20:21 | Phân loại hàng: Be,5,1,"Hàng đẹp chuẩn hình, màu sắc đúng, sẽ ủng hộ shop lần sau, nghe nhạc tốt đường truyền nhanh nhhij hfhhf jgfh hghvg ghygh",888370483.25273889730,3
6999l2u99t,2025-09-14 16:23 | Phân loại hàng: Trắng,5,1,Hơi bất ngờ nhà. Đừng ai nói hàng rẻ là của ôi nhẹ qtrong mua đúng chỗ tốt nhé. Xài OK nghe máy bạn.hơi bất ngờ luôn đó,888370483.25273889730,0
thanhthyh619,2025-06-08 22:18 | Phân loại hàng: Hồng,5,1,,888370483.25273889730,0
p*****9,2026-02-25 08:05 | Phân loại hàng: Trắng,5,1,,888370483.25273889730,0
h*****g,2025-09-15 13:01 | Phân loại hàng: Hồng,5,1,"Sp ổn, nhẹ, về chất lượng thì phải dùng đã mới đánh giá được",888370483.25273889730,0
a*****3,2025-04-02 11:43 | Phân loại hàng: Be,5,1,"Bé xinh, dễ thương. Ms lấy hàng thoi nên chx test nx.",888370483.25273889730,1
1*****h,2025-10-13 18:48 | Phân loại hàng: Trắng,5,1,Nên mua hàng quốc tế hơi lâu nhưng khôq sao nhận được hàng quá đã tốt hơn mong đợi giá thành lại quá rẻ mn nên mua ngon bổ rẻ,888370483.25273889730,0
1*****u,2025-08-25 16:35 | Phân loại hàng: Be,5,1,"Giá cả hợp lý tui áp mã nên giá hạt dẻ lắm , nhìn bao bì đẹp",888370483.25273889730,0
i*****m,"2025-06-09 14:24 | Phân loại hàng: Hồng, Trắng",4,1,"Giao hàng nhanh, shipper thân thiện, đóng gói hàng cẩn thận, đã test thử và thấy âm thanh cũng tạm được, với giá rẻ v thì mình nghĩ là cũng hợp lí r",888370483.25273889730,1
tucon123,2025-05-24 16:28 | Phân loại hàng: Trắng,5,1,"Trời ơi mãi nó mớii hiện Bluetooth để bắt , âm thanh nghe ok , giá rẻ nên mua",888370483.25273889730,1
nhitp063,2025-03-01 11:51 | Phân loại hàng: Hồng,5,1,"Giao hàng nhanh, màu hồng siêu xinh luôn, có đầy đủ cả sạc, tốt nha",888370483.25273889730,1
2*****n,2024-07-05 10:02 | Phân loại hàng: Be,4,1,"Eo ơi về nhanh lắm mn ạaaaaaaa,rẻ lắm luôn nè.anh shipper rất dễ thương nèeeeeee.màu be rất là đẹp ạaaaa.rẻ nên sẽ recommended cho mn",888370483.25273889730,60
d*****4,2023-02-25 17:35 | Phân loại hàng: S53 (Xanh quân đội),5,1,"Loa nhỏ gọn mà có võ nha m.n, loa to, có âm bass đầy đủ, pin thì chưa rõ là nghe được bao lâu để test một thời gian đã rồi mới biết được",239474500.8924175816,73
s*****3,2022-08-12 17:38 | Phân loại hàng: S53 (Đen),5,1,"Giao hàng khá nhanh, đóng gói chắc chắn, loa mẫu mã đẹp, thiết kế tinh xảo, mặt trên lúc đầu tưởng bị trầy nhưng thật ra là chỉ trầy miến dán bảo vệ nếu bóc ra thì ko vấn đề gì, âm thanh trầm mạnh mẽ, bass ok, âm lượng sẽ khiến bạn muốn bật lớn hơn nữa nghe nó mới đã, TUYỆT VỜI!!!",239474500.8924175816,23
v*****y,2024-03-20 13:30 | Phân loại hàng: S32 (Đen),5,1,"Hàng quốc tế nhưng vận chuyển khá nhanh. Tương tác tốt. Shop đóng gói cẩn thận. Loa nặng, chắc tay, nhìn rất đẹp. Loa to, nhạc ấm, bass hay. So với giá thì mình rất hài lòng.
Shop uy tín, nên mua nhé mọi người.",239474500.8924175816,7
v*****6,2023-01-05 17:02 | Phân loại hàng: S51 (Đỏ),5,1,"Shop gói hàng cẩn thận, âm thanh loa to, thích hợp mở nhạc hát hoặc nhảy, kết nối nhanh, pin thì phải dùng mới biết bền không.",239474500.8924175816,10
o*****e,2023-04-08 07:47 | Phân loại hàng: S32 (Đen),5,1,"Loa tốt, nghe ổn trong tầm giá, pin xài khá lâu. Đi chơi nguyên ngày xài không hết pin. Kiểu dáng tương đối, loa tiếng to",239474500.8924175816,6
daothuy2102,2023-12-12 12:40 | Phân loại hàng: S53 (Đen),5,1,Loa đẹp. Nghe êm và hay lắm. Mua mà ưng ghê ý. Shop giao hàng đúng nhanh luôn. Mình tưởng chắc còn lâu mới có. Vì nghĩ là hàng quốc tế.,239474500.8924175816,5
lean1810,2024-12-17 04:26 | Phân loại hàng: S32 (Đỏ),5,1,"Giao hàng nhanh, đúng mẫu đúng mã, đóng gói hàng cẩn thận, loa bass hay khá là ổn vs 1 cái loa kích thước nhỏ( đập thôi rồi). Mẫu này có thể kết nối 2 loa cùng lúc. Độ trễ blutooth khoảng 0.5 - 1s, nghe nhạc chứ xem phim thì chắc cắm dây 😅",239474500.8924175816,5
lany686,2024-10-28 16:08 | Phân loại hàng: S51 (Đỏ),5,1,"Sản phẩm chất lượng tốt, Shop đóng gói cẩn thận chắc chắn giao hàng nhanh ,Sản phẩm đúng với mô tả, loa mở to không bị rè , sd dc hơn 3h liên tục.",239474500.8924175816,0
traxnuancam,2024-09-17 16:32 | Phân loại hàng: S53 (Đen),5,1,"Hàng quốc tế nhưng giao hàng rất nhanh, mới đặt ngày 14 mà nay 17 đã nhận đk hàng rồi
Loa rất to, rất ok nha, đóng gói quá chắc chắn luôn, shop uy tính, ủng hộ shop nha",239474500.8924175816,0
t*****0,2023-06-13 21:32 | Phân loại hàng: S53 (Đen),5,1,"Giao hàng quốc tế rất nhanh nhé mình đặt ngày 14 thì ngày 18 đã nhận hàng r, sau khi dùng 1 tháng thì mình thấy loa pin khá là trâu nghe tầm 50% đã đủ lớn vs mình r thích hợp sử dụng trong phòng, loa này phù hợp với ai muốn chơi loa toàn dải có bass mạnh với phần mid(giọng hát nghe rõ) vì loa thiên về bass nên phần treble hơi thọt xíu nhưng k đáng kể, loa kêu khá lớn tiếng trong trầm ấm, đèn thì có 4 kiểu nháy chỉ có 2 kiểu đầu nháy theo nhạc thôi nhé. Nói chung trong tầm giá 400k trở xuống chọn con này c khá là phù hợp cho ai thích nghe loa có bass nhé.",239474500.8924175816,23
katihua,2023-01-17 13:57 | Phân loại hàng: S51 (Đen),5,1,"Loa nghe rất tốt, ấm, trông rất xịn xò. Thật tuyệt khi mua được sản phẩm như vậy. Cảm ơn rất nhiều.",239474500.8924175816,1
vuongit1993,2024-01-28 22:46 | Phân loại hàng: S32 (Xanh lam),5,1,"Hàng nguyên seal, đẹp từng chi tiết luôn. Âm thanh to và ấm, đáng tiền",239474500.8924175816,1
minhtrietdang,2021-12-05 14:32 | Phân loại hàng: S51 (Đen),5,1,"Máy nhìn xịn xò, âm thanh ok, giao hàng và đóng gói rất cẩn thận, rất đáng mua. Tặng shop 5 sao. Sẽ ủng hộ tiếp cho shop.",239474500.8924175816,3
a*****8,2024-02-25 12:44 | Phân loại hàng: S51 (Đen),5,1,"Loa dùng nghe rất tốt, rõ, kh bị rè, với mức giá này thì gọi là quá tốt luôn ạ. Loa nhỏ gọn nên cầm đi đâu cũng được.",239474500.8924175816,3
tranngoctrung89,2024-05-28 12:37 | Phân loại hàng: S53 (Xanh lam),5,1,Shop quốc tế mà tắc độ giao hàng phải gọi là siêu nhanh từ lúc đặt đến nhận hàng tính giờ thì 3 ngày rưỡi. Chất lượng sp miễn chê luôn qua ngon với số tiền bỏ ra. Sẽ còn quay lại ủng hộ shop dài dài nữa. Shop uy tín nhé mọi người cứ yên tâm lên đơn,239474500.8924175816,2
vonhattruong2000,2023-05-09 17:50 | Phân loại hàng: S53 (Đen),5,1,"Loa nghe rất tốt, chất lượng cao, mua lần thứ 2 của shop rồi. Hàng quốc tế nhưng giao rất là nhanh, rất đáng mua, hihi!",239474500.8924175816,1
thuong_281120.,2024-12-11 20:34 | Phân loại hàng: S32 (Đen),5,1,"chất lượng âm thanh tốt, shop giao hành nhanh, đóng gói chống shock cẩn thận. mình rất hài lòng và sẽ quay lại ủng hộ thêm.",239474500.8924175816,3
trump201717,2024-12-19 22:10 | Phân loại hàng: S51 (Đen),5,1,"Đã mua 2 lần ! Rất hài lòng
Đi đâu mang theo tiện lợi vô cùng
Giá rẽ",239474500.8924175816,0
linh_bi_shop,2023-05-11 17:05 | Phân loại hàng: S51 (Xanh lam),5,1,Loa to lắm mn. Nói chung ưng nhen. Cho shop 5 sao. Nên mua nha mọi người,239474500.8924175816,3
dothimai_1993,2022-12-20 09:51 | Phân loại hàng: S51 (Đen),5,0,"Sản phẩm có mã check, nghe hay, hợp lý giá cả. Còn bền hay ko thì thời gian nữa dùng mới biết.",239474500.8924175816,3
phamtuan6424,2024-07-11 16:18 | Phân loại hàng: S53 (Đen),5,1,"Loa rất ok nha, chân sạc type-c dễ dùng chung được cổng sạc với các thiết bị khác, chất lượng tốt pin siêu trâu bò nhé, có đèn rgb đẹp, nghe hay trong tầm giá, cầm trên tay thấy ưng liền",239474500.8924175816,2
bao08bao,2024-10-15 10:30 | Phân loại hàng: S53 (Đỏ),5,1,Sản phẩm tốt nhỏ gọn có đừn led nháy khá hay nghe êm to rõ ràng pin dùng cũng ổn tầm giá 3xx nên mua trải nghiệm,239474500.8924175816,1
an01689059335,2021-11-15 20:26 | Phân loại hàng: S51 (Đen),5,0,Loa xịn cực ạ. Nghe ấm lắm lun. Sẽ ủng hộ shop tiếp nè. Thời gian giao cũng nhanh nữa tuy là hàng quốc tế nha,239474500.8924175816,9
xuanson87,2022-05-31 13:12 | Phân loại hàng: S53 (Xanh quân đội),5,1,"Nhận đc hàng và quá sức mong đợi chất lượng sản phẩm so với giá tiền. Loa nghe êm, cầm đầm tay và chắc chắn. Thanks shop!",239474500.8924175816,7
k*****n,2023-03-03 10:53 | Phân loại hàng: S32 (Đen),5,1,Mua để dùng với usb. Sản phẩm chắc chắn. Quá tốt so với giá tiền. Thanks shop,239474500.8924175816,14
h*****2,2024-12-04 11:41 | Phân loại hàng: S51 (Đen),5,1,"Giao hàng nhanh, đóng gói cẩn thận, loa phát nhạc hay, ok lắm nha mn, nên mua nhé",239474500.8924175816,1
lethuhao1255,2022-12-16 10:58 | Phân loại hàng: S53 (Đen),5,1,"Hàng quốc tế đặt 12/12 giao 16/12, lúc sale là 329k, 10 điểm, đáng mua",239474500.8924175816,4
nguyenngocphuong1985,2024-07-10 22:36 | Phân loại hàng: S53 (Đỏ),5,1,"Loa hay và âm thanh to nha mg. Rất thích luôn ....❤️👍mình mua loa và tai nghe Bluetooth. Tai nghe thì cũng rất ok nha. Âm thanh to , rõ, và bass trep rõ nói chung là 2 sản phẩm mình mua đều ok .mình rất thích luôn. Nên mua nha mg👍❤️🙂",239474500.8924175816,1
quangkhoi_1994,2022-12-16 18:16 | Phân loại hàng: S32 (Xanh lam),5,1,"Chất lượng ổn trong tầm giá.
Nhỏ gọn xinh mà nghe ấm
Giao hàng quốc tế mà chỉ 4 ngày nhận hàng 5* cho shop tiếp tục cố gắng",239474500.8924175816,9
vttpee,2025-12-02 14:51 | Phân loại hàng: S32M (1 Micrô),5,1,"Loa nhỏ gọn, chắc chắn, công suất 10w âm lượng khá, nghe giải trí. Âm bass khá tốt, trầm ấm. Mic đi kèm xác định hát chơi vui thôi chứ đòi hỏi hay trong tầm giá này thì hơi khó. Ai ko có nhu cầu hát hò thì nên chọn bản ko Mic sẽ tiết kiệm hơn kha khá.
Shop gói hàng cẩn thận với bọc chống sốc. Giao hàng nhanh.",239474500.8924175816,0
h*****1,2023-02-09 09:50 | Phân loại hàng: S51 (Đen),5,1,Giá cả ổn vs chất lượng mang lại. Rất đáng để mua nha. Good job shop,239474500.8924175816,0
dovamy,2024-01-01 19:32 | Phân loại hàng: S32 (Xanh quân đội),5,1,"Loa nghe ấm, gọn nhẹ, trông như lon bia vậy, đáng yêu lắm cơ. Nên mua lắm ah. Màu rằn ri này trông rất ngộ",239474500.8924175816,2
longpha8023,2023-08-01 14:31 | Phân loại hàng: S53 (Đen),5,1,Hàng quốc tế mà giaonhiều lúc nhanh hơn hàng nội . Sản phẩm nghe ấm. Với giá tầm này thì quá ok luôn ..,239474500.8924175816,23
veve1209,2022-08-24 19:45 | Phân loại hàng: S51 (Đỏ),5,1,"Xài tới ngày thứ 2 vẫn còn okela (trộm vía =)) nói chứ âm thanh khá ấm nha mn. Chất lượng trong tầm giá r đó. Hàng nhìn mẫu mã cũng oai phết, chỉ cầu cho em nó sống thọ thôi =)))",239474500.8924175816,4
thuyk8,2025-07-14 12:20 | Phân loại hàng: S32 (Đen),5,1,"Mới nhận, hàng chính hãng, đóng gói tốt , giao nhanh, hàng đc đổi trong 15 ngày, sửa chữa 1 năm.
Để theo dõi xem
Trc mắt cho 5 sao",239474500.8924175816,0
thuyphan952,2022-12-15 07:57 | Phân loại hàng: S51 (Đen),5,1,"Đã nhận hàng , rất hài lòng với sản phẩm đã nhận được. Âm thanh nhạc nghe êm. Dong gói cẩn thận. Nói chung rất ok",239474500.8924175816,55
nguyendan8287,2023-12-26 08:29 | Phân loại hàng: S53 (Đen),5,1,"Chất lượng tốt,giao hàng nhanh,sử dụng một thời gian nếu ổn mình mua thêm 1 cái nữa.nói chung ổn áp trong tầm giá",239474500.8924175816,0
janghy,2024-09-11 11:46 | Phân loại hàng: S53 (Đỏ),5,0,"Loa đẹp, chắc chắn, nghe bên ngoài hay hơn, bass mạnh. Kết nối nhah, pin thì chưa dùng lâu nên k biết tnao. Thấy 1 số fb là pin trâu, m mua gần 400k thì phải. K biết có ai mua đc giá rẻ hơn k các bác",239474500.8924175816,1
thaothithunong,2024-02-27 20:13 | Phân loại hàng: S53 (Xanh lam),5,1,,239474500.8924175816,2
h*****1,2023-03-27 07:36 | Phân loại hàng: S32 (Xanh quân đội),5,1,"Nghe hay loa không bị dè.  Sạc qua đêm dùng đc lâu
Rất đÁng dồng tiền ạ",239474500.8924175816,2
thanhtrucln,2025-03-18 19:56 | Phân loại hàng: S53 (Xanh quân đội),5,1,Test thử nghe lớn....nghe okê..hay lắm ạ.. loa cầm nặng tay..còn pin thì sử dụng lâu mới biết ạ.,239474500.8924175816,1
999doahoatan,2024-01-05 08:35 | Phân loại hàng: S51 (Xanh lam),5,1,Loa to rõ ràng rất đáng đồng tiền nha. Còn về pin thì thời điểm đầu nghe tốt về lâu dài mk sẽ đánh giá thêm về pin. Nói chung là sản phẩm tốt đáng mua nha ae,239474500.8924175816,1
l*****3,2024-10-12 21:00 | Phân loại hàng: S53 (Đen),5,1,"Giao hàng nhanh, shop bọc kĩ hơn thì sẽ ổn hơn, hiện tại dùng vẫn khá ổn",239474500.8924175816,0
daominhson54,2024-06-27 00:30 | Phân loại hàng: S53 (Đen),5,1,"Âm lượng ko quá lớn nhưng ok trong tầm giá, cũng nét. Sạc type C. Bền hay ko thì chưa biết, thời hạn đánh giá chỉ có 1 tháng thôi nên ko thể xác định là bền hay ko được. Giao hàng nhanh. Nhìn chung cx ổn áp rồi.",239474500.8924175816,0
ngthgiangnhe12,2024-08-01 12:32 | Phân loại hàng: S51 (Đen),5,1,"mua cho thg em mình test thử rồi nghe ok nha, giao cũng không lâu lắm vài ngày là đến r",239474500.8924175816,0
p*****y,2022-07-13 10:37 | Phân loại hàng: S51 (Đen),5,1,"Âm thanh nghe trầm, êm hay lắm luôn. Nên mua nha mọi người ơi",239474500.8924175816,0
lethinh1811,2023-10-01 22:30 | Phân loại hàng: S53 (Đỏ),5,1,"Ổn so với giá, shop giao hành nhanh, hàng quốc tế mà mất có 4 ngày. Mọi người có thể yên tâm về chất lượng với dòng loa này.",239474500.8924175816,0
,2022-06-20 13:18 | Phân loại hàng: S53 (Đen),5,1,Loa nghe rất hay khỏi phải chê trong tầm giá🥰🥰🥰,239474500.8924175816,2
sheilong,2022-10-29 20:08 | Phân loại hàng: S53 (Xanh lam),5,1,"Chất lượng sản phẩm tốt, thời gian giao hàng nhanh, shop tư vấn nhiệt tình, rất đáng tiền",239474500.8924175816,1
dangduchuy,2024-02-05 01:07 | Phân loại hàng: S51 (Đen),5,1,"Rất hài lòng với sản phẩm vừa số tiền 
Ủng hộ shop nếu có sản phẩm mới",239474500.8924175816,0
n*****g,2022-07-28 16:14 | Phân loại hàng: S53 (Đen),5,1,"Sản phẩm tốt, shop nước ngoài nhưng giao hàng khá nhanh",239474500.8924175816,1
di4bftmftl,2024-01-07 18:57 | Phân loại hàng: S53 (Đen),5,1,"Giao hàng nhanh , bật max loa không rè bass đập siêu hay.  Nghe 5h liền rồi mà chưa hết pin sản phẩm tốt thật sự.",239474500.8924175816,0
d*****e,2022-01-29 12:08 | Phân loại hàng: S53 (Đỏ),5,1,"Loa xịn lòi, chất lượng quá tốt, ship nhanh nữa. Hàng chính hãng có mã code để check luôn.",239474500.8924175816,11
,2023-05-12 21:10 | Phân loại hàng: S51 (Đen),5,1,"Vận chuyển nhanh, hàng đẹp. Còn sử dụng thì cần thời gian quay lại đánh giá 😁",239474500.8924175816,0
nim.ha,2022-11-14 10:22 | Phân loại hàng: S51 (Đỏ),5,1,"Loa nghe to, êm, hình thức đẹp nên mua",239474500.8924175816,3
bom_w1,2022-08-22 13:09 | Phân loại hàng: S51 (Đen),5,1,"Loa nghe trong, ko bị rè. Loa đẹp cầm khác chắc tay. Giao hàng nhanh",239474500.8924175816,2
lnhliver,2022-11-11 20:46 | Phân loại hàng: S53 (Đen),5,1,"Giá cả vừa phải, nghe âm khá ok, vừa tầm giá, nói chung là được",239474500.8924175816,1
lany686,2025-06-30 09:25 | Phân loại hàng: S51 (Đỏ),5,1,"Sản phẩm chất lượng tốt, Shop đóng gói cẩn thận chắc chắn , khi nhận hàng nguyên vẹn  sản phẩm đúng như mô tả.",239474500.8924175816,0
haibn97,2025-07-14 15:23 | Phân loại hàng: S53 (Đen),5,0,"Sản phẩm chất lượng tốt, Shop đóng gói cẩn thận, chắc chắn, giao hàng nhanh, loa mở to không bị rè",239474500.8924175816,0
vuthanghn,2021-12-08 12:08 | Phân loại hàng: S53 (Xanh quân đội),5,1,"Giao hàng nhanh...loa nhìn xịn xò mà ko biết bền ko.nhưng khá được so vs mức giá
Cảm ơn shop nhiều",239474500.8924175816,5
abys.hth,2025-01-07 22:22 | Phân loại hàng: S32 (Đen),5,1,"06.01.2025
Giao hàng nhanh, chất lượng âm thanh ok, âm lượng lớn, pin khá trâu, độ bền cần time để check.
Điểm + là trc khi giao shop ib nhắc nhở.",239474500.8924175816,0
hue__________________,2023-04-16 17:41 | Phân loại hàng: S32 (Đen),5,1,"Hàng đẹp chắc chắn , kiểu dáng rất thời trang . Giá rẻ .Shop Ship hàng nhanh. Ủng hộ shop 5***** .",239474500.8924175816,1
i*****s,2024-05-20 15:36 | Phân loại hàng: S51 (Xanh quân đội),5,1,"Đã mua lần thứ 2, chất lượng ổn, giá cả phải chăng mẫu mã đẹp, nghe êm tai 🥰",239474500.8924175816,1
7ll2sphdeb,2023-01-04 19:56 | Phân loại hàng: S53 (Đỏ),5,1,Giao đúng hàng đã đặt nghe rất ổn.không rè.,239474500.8924175816,15
thaong68,2022-03-05 12:38 | Phân loại hàng: S51 (Đen),5,1,Sản phẩm rất tốt. Thời gian giao hàng rất rất lâu. Vì đc gửi từ nước ngoài. Âm thanh cảm nhận ban đầu 8/10 điểm. Dùng lâu dài thì cần thời gian sử dụng. Cảm ơn shop đã mang lại cho người dùng 1 sản phẩm tốt như vậy.,239474500.8924175816,4
ipphanthnh,2022-12-25 08:24 | Phân loại hàng: S53 (Xanh quân đội),5,1,"Âm bass to, hay
Thiết kế đẹp, phong cách, cá tính, sản phẩm đẳng cấp đó",239474500.8924175816,11
adgbvvbvv,2022-12-16 17:49 | Phân loại hàng: S53 (Đen),5,1,Loa nghe hay pin ok nhưng k biết có bền không,239474500.8924175816,2
tuanemkg,2024-10-24 09:00 | Phân loại hàng: S53 (Đen),5,1,"Pass ổn, nhỏ nhưng mạnh, nghe phòng là quá oke",239474500.8924175816,0
thanh_tuyen_0619,2021-12-27 20:51 | Phân loại hàng: S51 (Đen),5,1,"Hàng giao đóng gói cẩn thận k bị bóp méo, loa ban đầu nghe êm, chất lượng tốt, còn dùng lâu thì k biết ntn. Nói chung ban đầu ổn. Giao hàng hơi lâu.",239474500.8924175816,2
nhi_nguyen2306,2021-06-29 17:41 | Phân loại hàng: S51 (Xanh quân đội),5,1,Hàng đúng mô tả. Vì là hàng từ nước ngoài nhưng cũng giao đúng dự kiến. Nhạc nghe rõ pass luôn ạ mà giá lại hạt dẻ. Shop tư vấn nhiệt tình.❤️ Màu lại đẹp nữa kkk,239474500.8924175816,1
nguyenthanhkts,2022-11-28 18:44 | Phân loại hàng: S53 (Đỏ),5,1,"Tầm giá này là quá ok rầu, bass nghe đầm lắm bà con :))))))))",239474500.8924175816,1
billy2904,2022-11-28 16:35 | Phân loại hàng: S51 (Đen),5,1,"chất lượng tốt trong tầm giá, độ hoàn thiện cao, ít bass nhưng để nghe thì vẫn ổn",239474500.8924175816,0
nguyennhi686,2022-07-10 19:10 | Phân loại hàng: S53 (Đen),5,1,Shop giao hàng nhanh lắm ạ. Nghe êm lắm ạ không bị rè.sài lâu thì không biết có bị sao không nữa,239474500.8924175816,27
huonghpvn,2023-09-12 23:37 | Phân loại hàng: S32 (Đen),5,1,"Loa ngon, chất lượng, nghe đằm. Hàng giao cx khá nhanh ạ. Ncl hơn cả giá tiền ạ",239474500.8924175816,1
,2022-07-10 13:03 | Phân loại hàng: S53 (Đen),5,1,"Giao hàng khá nhanh mặc dù hàng quốc tế
Mình ưng lắm",239474500.8924175816,1
f*****h,2025-01-05 18:36 | Phân loại hàng: S32 (Đen),5,1,"Loa xài rất oke, tiếng vang cả phòng tầm 10m nha mn, âm thanh cũng hay, với người ko có nhu cầu nhiều như mình thì loa rất tuyệt vời. À pin cũng trâu nữa:))",239474500.8924175816,0
ththanhtm703,2025-03-20 06:14 | Phân loại hàng: S32 (Đen),5,1,"Loa nhỏ gọn nhẹ, nghe ấm dễ sử dụng. Pin dùng bền, từ hôm mua về dùng chưa phải sạc lần nào.",239474500.8924175816,0
minhkhang.21,2025-09-28 08:56 | Phân loại hàng: S51 (Xanh lam),5,1,"Hàng đẹp 
Màu sác 
 cũng đẹp lắm 
Cảm ơn shop đã giao hàng nhanh chóng và chuẩn bị cho bên mình nhé",239474500.8924175816,0
anhoaithuong,2022-11-03 11:14 | Phân loại hàng: S53 (Đen),5,1,Chất lượng sản phẩm  phù hợp với giá tiền. Nói chung là vừa ý.  Giao nhanh,239474500.8924175816,1
sheilong,2022-01-23 13:41 | Phân loại hàng: S53 (Đen),5,1,"Chất lượng sản phẩm tốt, đóng gói chắc chắn, rất đáng tiền, giao hàng hơi lâu",239474500.8924175816,1
mynaa74,2022-03-02 18:14 | Phân loại hàng: S51 (Xanh quân đội),5,1,Sản phẩm đẹp. Âm thanh nghe hay. Hàng vận chuyển bảo quản tốt.,239474500.8924175816,7
lekieuduyen,2025-04-18 22:05 | Phân loại hàng: S51 (Đen),5,1,"Loa nghe hay, bass mạnh, chỗ cắm sạc có nắp che chống bụi bẩn. Đóng gói cẩn thận. Ok nên mua",239474500.8924175816,0
khanhphuong1304,2023-04-01 10:22 | Phân loại hàng: S51 (Đen),5,1,"Sẽ thử và cho đánh giá sau 
Cảm thấy tốt",239474500.8924175816,1
n*****3,2023-02-21 18:56 | Phân loại hàng: S53 (Đen),5,1,"Chất lượng sản phẩm tốt so với tầm giá, âm thanh nghe rõ.",239474500.8924175816,0
minhkasor,2024-09-15 19:05 | Phân loại hàng: S53 (Đen),5,1,"Sản phẩm quá tuyệt vời, âm Thanh to, trầm ấm",239474500.8924175816,0
nguyenthanhchuc12a5ltt,2022-12-01 18:49 | Phân loại hàng: S32 (Đen),5,1,"mới đầu hơi trục trặc nhưng hôm sau lại hoạt động tốt, shop tư vấn và hỗ trợ nhiệt tình",239474500.8924175816,2
,2021-06-08 15:10 | Phân loại hàng: S51 (Xanh quân đội),5,1,"loa chất lượng, âm nghe ổn, đẹp và chất lượng so với giá tiền bỏ ra.",239474500.8924175816,3
1234tgvv,2024-05-19 12:10 | Phân loại hàng: S32 (Xanh lam),5,1,"Chất lượng tốt, nghe ổn, giá rẻ vừa, nên mua nhé =))))",239474500.8924175816,0
khangry,"2023-02-04 15:40 | Phân loại hàng: S32 (Đen), S51 (Đen)",5,0,"Giao hàng ko lâu lắm, nghe ổn. Cầm chắc tay, sẽ ủng hộ tiếp",239474500.8924175816,1
hongloan1491996,2022-07-15 12:39 | Phân loại hàng: S51 (Xanh lam),5,0,Sản phẩm chất lượng. Đóng gói cẩn thận. Giao hàng nhanh. Cảm ơn shopee,239474500.8924175816,1
n*****2,2022-06-30 12:46 | Phân loại hàng: Bản Tiêu Chuẩn,5,1,tản mạnh. có tận 6 quạt luôn. siêu mát. Nâng hạ dễ dàng có 6 mức điều chỉnh cao thấp. rất dễ dùng.Hàng đáng đồng tiền bát gạo,268182642.20916269432,59
qing_qing21,2022-08-05 10:10 | Phân loại hàng: Bản Tiêu Chuẩn,5,1,Khung rất cứng cáp. Ngầu. 6 quạt làm mát ổn vs bộ đèn led đẹp. Nhận hàng được gói cẩn thận nguyên Seal và bọc bằng lớp lót chống sốc. Quá đỉnh!,268182642.20916269432,19
tomatoes_mt,2023-06-07 22:18 | Phân loại hàng: Bản Nâng Cấp,5,1,"Đóng gói cẩn thận, bao bọc chống sốc. Còn seal nguyên vẹn.
Chăm sóc khách hàng tư vấn nhiệt tình
Điều chỉnh được quạt
Kết nối được với chuột và bàn phím",268182642.20916269432,13
,2022-07-06 15:55 | Phân loại hàng: Bản Tiêu Chuẩn,5,1,"Đế tản nhiệt tốt, dùng oke lắm  shop tư vấn nhiệt tình sản phẩm và cũnh giao hàng nhanh khi mình hối
5 sao ạ",268182642.20916269432,10
c*****4,2024-05-23 10:50 | Phân loại hàng: Bản Nâng Cấp,5,1,"Diện tích làm mát ro hơn Q100 rất rõ laptop gần 18 inch vẫn để vừa chứ ko bị dư ra 1 khoảng phía sau như Q100, hiệu quả làm mát của đế tản nhiệt còn phụ thuộc vào nhiều yếu tố khác nhau nhưng cùng một trường với Q100 thì có thể thấy đc cải thiện tương đối",268182642.20916269432,5
lethinh007,2024-08-22 21:24 | Phân loại hàng: Bản Nâng Cấp,5,1,"Quạt mát vừa phải
Bề mặt kim loại
Đế chắc chắn vừa đủ, nặng tầm 0.3-0.5kg
Mình mua bộ nâng cấp, có cáp cắm lap và có adapter cắm điện trực tiếp nếu muốn",268182642.20916269432,1
gocsen,2024-04-16 08:58 | Phân loại hàng: Bản Nâng Cấp,5,1,"Shopee

Đánh giá mua hàng trên SHOPEE
Chất lượng sản phẩm tốt và đẹp 
Giao hàng rất nhanh chóng 
Bao bì đóng gói cẩn thận và chắc chắn
Sẽ ủng hộ tiếp trong thời gian tới nữa khi có nhu cầu",268182642.20916269432,6
thuyvy221296,2024-07-11 10:41 | Phân loại hàng: Bản Tiêu Chuẩn,5,1,"Cắm điện vào thì thấy cũng chạy được, có đèn nên khá là đẹp. Hi vọng là bền nek. Hàng giống y như hình cho thấy shop trung thực. Chất lượng sản phẩm tốt nên ta thấy người bán rất có tâm đó nha. Đóng gói rất kỹ lưỡng suy ra chủ sốp là người có trách nhiệm. Nhân viên giao hàng tận tụy.",268182642.20916269432,2
quykhuong,2022-08-08 07:53 | Phân loại hàng: Bản Nâng Cấp,5,1,Rất ổn. Mình mở 2/3 thui máy vẫn nóng nhưng ở trên mức ấm và đỡ hơn nhiều khi chưa dùng quạt. Êm hơn cả quạt của máy tính. Mở max thì tiếng tương đương. Không ảnh hưởng gì tới chất lượng livestream của mình,268182642.20916269432,4
i*****u,2022-11-10 13:00 | Phân loại hàng: Bản Nâng Cấp,5,1,"Sản phẩm gói cẩn thận, giao rất nhanh, thiết kế đẹp mắt, ny mình rất thích, xin cảm ơn",268182642.20916269432,14
cusui123,2024-04-15 19:03 | Phân loại hàng: Bản Nâng Cấp,5,1,"Shop giao hàng nhanh chóng đóng gói cẩn thận đầy đủ bộ phận. Bên trong có 1 dây sạc 2 đầu A, 1 dây adapter liền. 6 quạt hoạt động bình thường. Nói chung rất ok.",268182642.20916269432,10
,2023-09-13 21:29 | Phân loại hàng: Bản Nâng Cấp,5,1,"Hàng chuẩn lắm nha, xứng đáng tiền nào của nấy luôn, đặt luôn bản nâng cấp cho nó xịn xò tí mà",268182642.20916269432,2
xuantruongak10,2024-08-22 10:41 | Phân loại hàng: Bản Nâng Cấp,5,1,"Giá quá hợp lý. Có núm điều chỉnh tốc độ quạt, vừa bật đưa tay vào mát liền, làm mát máy cũng khá hiệu quả",268182642.20916269432,1
hanpham12a,2024-06-19 19:18 | Phân loại hàng: Bản Nâng Cấp,5,1,"Dùng khá ổn, giảm nóng rõ rệt, quạt chạy êm không ồn mà hơi yếu. Chất lượng phù hợp với giá. Vote 5*",268182642.20916269432,0
minhbossxd,2022-09-17 13:43 | Phân loại hàng: Bản Nâng Cấp,5,1,"Hàng giao nhanh, đóng gói cẩn thận.",268182642.20916269432,0
minhshopeesansale,2022-07-16 02:05 | Phân loại hàng: Bản Tiêu Chuẩn,5,1,"Xài tốt, đế tản khá chắc chắn, lap 15.6 để lên vừa khít, quạt khá mạnh so với những loại đế tản cùng giá. Sử dụng trong phòng máy lạnh chơi game 4 tiếng liền máy vẫn ko tới 60°",268182642.20916269432,4
dai_nguyen06,2023-07-21 18:03 | Phân loại hàng: Bản Nâng Cấp,5,1,"hãng cho 2 dây, 1 dây nối vs máy tính, 1 dây khác có đầu cắm với ổ điện

có thẻ bảo hành

chất lượng quạt quay nhanh, mát",268182642.20916269432,0
o*****n,2025-03-10 19:36 | Phân loại hàng: Bản Nâng Cấp,5,1,,268182642.20916269432,0
phikhanh2243,2024-06-28 21:22 | Phân loại hàng: Bản Nâng Cấp,5,1,"Giao hàng nhanh quá, đóng gói cũng cẩn thận đã thế quạt cũng mạnh và nhanh ,làm mát rất ok 👌",268182642.20916269432,0
vn6671_39556,2025-12-14 18:52 | Phân loại hàng: Bản Tiêu Chuẩn,5,1,Shop chuẩn bị và giao hàng nhanh. Đặt hàng hôm trước 1 ngày là đã nhận được hàng. Đóng gói cẩn thận. Đúng mẫu hàng trên shop. Chất lượng thì phải dùng 1 thời gian mới đánh giá được,268182642.20916269432,0
lengkhang007,2025-10-06 18:35 | Phân loại hàng: Bản Tiêu Chuẩn,5,1,"Mua tản này dùng thấy cũng khá oke, ngon lành cành đào lắm. Test chơi game liên tục 4 tiếng cũng k nóng lắm. Nói chung ai muốn tản nhiệt cho con máy gaming hay con máy làm văn phòng của mình hay đồ hoạ 3d có thể xem xét hốt tản này về nha.",268182642.20916269432,0
voleduylinh,2025-07-20 21:59 | Phân loại hàng: Bản Nâng Cấp,5,1,Vừa khít với laptop với quạt chỉa thẳng vào trong máy nên đc mát chứ quạt này dùng tạm đc.,268182642.20916269432,0
dusk1450,2024-02-18 19:35 | Phân loại hàng: Bản Nâng Cấp,5,1,"Giao hàng nhanh, đóng gói chắc chắn, đồ còn nguyên vẹn nhưng mà cũng hên khi lap mình có 15,6 inch mà vừa như in :)",268182642.20916269432,1
xiezhaoan,2023-08-11 11:49 | Phân loại hàng: Bản Nâng Cấp,5,1,"Vừa nhận hàng chưa xài nhưng hàng đóng gói kỹ, quạt mát tạm được, hơi nhỏ so vs laptop MSI của mình. Để test xài bền sẽ giới thiệu bạn bè sử dụng!",268182642.20916269432,0
kudaulc,2024-12-15 19:12 | Phân loại hàng: Bản Nâng Cấp,5,1,Tiêu chuẩn và nâng cấp khác nhau là có thêm cục adapter 5v thôi nhé! Dây nó khá dài nên dùng cũng tiện. Ai muốn tiết kiệm thì dùng cục sạc đt. Cắm nguồn sẽ mạnh hơn cắm laptop,268182642.20916269432,0
daobaoson,2023-06-14 11:06 | Phân loại hàng: Bản Nâng Cấp,5,1,Rất ok . Hàng gói cẩn thận . Ship hàng nhanh,268182642.20916269432,2
khangvl.47,2022-09-16 12:56 | Phân loại hàng: Bản Tiêu Chuẩn,5,1,"Chọn nhiều loại r nhưng loại này mạnh hơn
Nên cắm cục sạc sẽ khoẻ hơn
Màn 17in gần vừa",268182642.20916269432,1
ui59suxpdt_88baa9u9c0v8kb2p7,2022-10-18 19:12 | Phân loại hàng: Bản Tiêu Chuẩn,5,1,"To, đóng gói tốt, shop cũng tư vấn tốt. Chưa dùng nên chưa biết có bền không nhưng giá này thì chắc cũng ổn.",268182642.20916269432,0
xdseb8lxy5,2024-02-17 20:00 | Phân loại hàng: Bản Nâng Cấp,5,0,"6 quạt + đèn led + nhẹ + ko hú to + giúp máy cao thoáng với dồn mấy  điện rườm rà vô khó gọn và an toàn. 
Máy mình chơi game Shop Titan max setting thì nhiệt độ duy trì trung bình 79 độ C (Máy mình MSI bravo 15 b7ed max setting mọi thứ thì lúc ko có đế tản thì lên 83 thậm chí 90 - 96 độ C (nói chung trung bình ko có đế là khoảng 8x - 9x độ C). Nên đế này phải nói là giá hời + nhẹ + tối ưu mát thoáng và gọn!. À chỗ khe quạt tản nhiệt nhỏ để cho mấy dây điện thiết bị và bộ sạc ko vô tình lọt vô trúng quạt nữa nên anh em yên tâm cứ để  mấy dây điện thiết bị và sạc rờm rà vô bên dưới nha (à dây nào nhỏ quá nên kiểm tra xem có lọt khe ko nha!).",268182642.20916269432,2
tonytranqwer,2022-08-19 23:13 | Phân loại hàng: Bản Nâng Cấp,5,1,"Chất lượng sản phẩm tuyệt vời, giáo hàng nhanh, đóng gói cẩn thận",268182642.20916269432,6
k7wzscwibh,2025-05-03 14:44 | Phân loại hàng: Bản Nâng Cấp,5,1,"Shop uy tín, hàng như thông tin shop đăng. Quạt chạy êm, rất vừa ý. Shop gói hàng cẩn thận.
Shipper nhanh nhẹn, dễ thương, có trách nhiệm.
Nói chung rất hài lòng với đơn này.",268182642.20916269432,0
tiemnhaxuxu,2022-10-08 09:11 | Phân loại hàng: Bản Nâng Cấp,5,1,"Hàng đẹp lắm nha cả nhà, chuẩn mô tả, nên mua nha keke",268182642.20916269432,0
tongvonhattang,2023-04-29 00:54 | Phân loại hàng: Bản Nâng Cấp,5,1,"Lúc đầu tưởng quạt mạnh nhưng mà thật ra cũng oke, cũng nên mua đấy chứ có còn hơn là không í dùng rất oke lun nha, bảo hành rất yên tâm luôn ❤️",268182642.20916269432,0
mannstore,2023-08-29 10:46 | Phân loại hàng: Bản Tiêu Chuẩn,5,1,"Chất liệu nhựa khá chắc chắn , 6 quạt ok nhưng cũng cảm thấy hơi yếu 😁",268182642.20916269432,1
xinpha,2023-09-01 13:02 | Phân loại hàng: Bản Nâng Cấp,5,1,"Đế Quạt này nhìn chung cũng giống quạt loại 150-200kk,  nhưng nó to hơn, có điều chỉnh tốc độ gió, và kèm theo củ nguồn USB riêng. Dùng được, nhưng có 2 thứ: 1. Quạt lâu lâu nghe tiếng rột nhỏ, 2. Nếu để đế bằng thì đế kín bưng, khó lưu thông gió được.",268182642.20916269432,5
t*****v,2022-07-05 20:57 | Phân loại hàng: Bản Tiêu Chuẩn,5,1,quạt mạnh chắc chắn. dễ sử dụng. shop thân thiện và giao hàng nhanh,268182642.20916269432,2
thanhdatdfh,2025-02-14 14:39 | Phân loại hàng: Bản Nâng Cấp,5,1,Sài hàn khá ổn chống nóng máy hiệu quả khi sạc pin và đang làm việc với trạng thái công suất cao. Hài lòng sản phẩm nếu sài bền lâu có thể ủng hộ lâu dài.,268182642.20916269432,0
haiciu2211,2022-07-01 14:49 | Phân loại hàng: Bản Nâng Cấp,5,1,"quạt mát , chạy êm ru.Có 2 cổng usb cấp nguồn luôn rất tiện lợi.Shop hỗ trợ nhiệt tình.Mọi người nên mua",268182642.20916269432,14
trang5925,2023-11-03 18:17 | Phân loại hàng: Bản Nâng Cấp,5,1,"Tản nhiệt ổn, máy dùng đỡ nóng hẳn. Chạy khá êm, mức tớ nhất không quá ồn.",268182642.20916269432,1
nguyenkingchina,2024-07-12 18:08 | Phân loại hàng: Bản Nâng Cấp,5,1,"Quá tốt so với giá , dùng sướng thoáng mát chơi game làm việc ko lo bị nóng máy quá",268182642.20916269432,0
macarongcap1,2023-06-22 20:43 | Phân loại hàng: Bản Nâng Cấp,4,1,"Theo thông tin của shop là dùng được cho laptop 18inch nhưng con 17inch của mình nó đã nhỏ hơn rồi, dùng được cho loại 15.6inch là hợp. Còn quạt làm mát vừa đủ.",268182642.20916269432,5
n*****2,2022-07-03 14:53 | Phân loại hàng: Bản Nâng Cấp,5,1,đế chắc chắn. quạt mạnh tản nhiệt tốt có hỗ trợ 2 cổng usb tiện lợi. shop nhiệt tình,268182642.20916269432,5
t*****e,2023-06-21 11:53 | Phân loại hàng: Bản Nâng Cấp,5,1,Sản phẩm đúng với mô tả tuy nhiên chất liệu nhựa hơi mỏng anh em nào đang dùng laptop to và nặng thì lên xem xét nhé. Shop đóng hàng cẩn thận giao hàng nhanh. Nói chung là hài lòng với chất lượng và dịch vụ bên shop.,268182642.20916269432,2
rockmanduc9x,2022-07-12 21:58 | Phân loại hàng: Bản Tiêu Chuẩn,5,1,"Hơi bé so với laptop 17 inch cỡ đại như alienware 
Đóng gói cẩn thận đẹp mắt 
Bọc túi bóng oki
Tiếng khá là êm",268182642.20916269432,7
d*****a,2022-09-05 17:35 | Phân loại hàng: Bản Nâng Cấp,5,1,,268182642.20916269432,4
n*****y,2026-02-26 19:25 | Phân loại hàng: Bản Nâng Cấp,5,1,Trc mắt thì thấy hài lòng với chinh sách bh của sido. Gói rất kỹ luôn. Sử dụng thì mình lần đầu nên ch đánh giá đc. Xài 1 tg sẽ review tiếp,268182642.20916269432,0
l*****8,2023-04-21 23:07 | Phân loại hàng: Bản Tiêu Chuẩn,5,1,Máy sài ổn giảm bớt nhiệt so với ko dùng nchung dùng ổn..lap vẫn ấm nhưng cx ok ..sẽ ủng hộ khi có cơ hội,268182642.20916269432,0
sontranmc,2023-10-09 16:34 | Phân loại hàng: Bản Nâng Cấp,5,1,"Dùng ngon quá đáng đồng tiền bát gạo, ưng quá luôn. Sẽ ủng hộ thêm",268182642.20916269432,2
l*****7,2024-10-09 21:36 | Phân loại hàng: Bản Nâng Cấp,5,1,"Quạt xài ok nha gió mát
Trước đó laptop mình làm việc lâu hay bị nóng máy tắt nguồn
Từ lúc đó quạt này ko thấy bị tắt nguồn nữa",268182642.20916269432,0
tranthienvu1110,2024-10-11 13:17 | Phân loại hàng: Bản Tiêu Chuẩn,5,1,"Giao nhanh, lắp vô mượt mà và mát mẻ cho máy luôn.",268182642.20916269432,0
tcyhwaluf,2026-03-20 15:46 | Phân loại hàng: Bản Tiêu Chuẩn,5,1,"Bản to, có thể để vừa nhiều cỡ máy",268182642.20916269432,0
idea.ytuong,2023-08-25 21:58 | Phân loại hàng: Bản Tiêu Chuẩn,5,1,"hàng đúng loại, nhiều thứ linh tinh mà shop giao đủ số lượng, giao hàng nhanh, sức gió tạm được, chủ yếu có kê lap lên cao",268182642.20916269432,0
2g7o6licpr,2023-08-11 13:06 | Phân loại hàng: Bản Nâng Cấp,5,1,"Hơi yếu nhưng không ồn ,có đèn
Hàng tốt .Đóng gói kĩ.😍Hài lòng",268182642.20916269432,1
hieutranquangg,2025-07-19 16:51 | Phân loại hàng: Bản Tiêu Chuẩn,5,1,"Giao hàng nhanh đóng gói tốt, trải nghiệm rồi sẽ ủng hộ tiếp",268182642.20916269432,0
l*****a,2023-01-16 22:15 | Phân loại hàng: Bản Tiêu Chuẩn,5,1,"Giao hàng nhanh, gói hàng cẩn thận, sản phẩm chất lượng,....",268182642.20916269432,1
t*****4,2023-06-12 17:59 | Phân loại hàng: Bản Tiêu Chuẩn,5,0,,268182642.20916269432,0
nguyendung87.event,2022-07-26 14:06 | Phân loại hàng: Bản Tiêu Chuẩn,5,1,"Cũng ok, quạt cắm vào máy tính qua cổng usb thì yếu hơn so với quạt cắm vào adapter cắm thẳng vào ổ điện. Máy mình 13inch vừa vặn xinh xắn.",268182642.20916269432,1
x68bbz_xa5,2025-08-17 06:26 | Phân loại hàng: Bản Tiêu Chuẩn,5,1,Rất tiện lợi nâng được máy tính có độ nghiêng vừa tầm mắt. Cũng làm mát chút chút cho máy tính,268182642.20916269432,0
vo.tan.dat,2022-09-12 14:05 | Phân loại hàng: Bản Nâng Cấp,5,1,"Hàng đẹp
Chức năng ổn
Quạt quay êm nghe khá mát",268182642.20916269432,2
v*****9,2022-10-08 12:47 | Phân loại hàng: Bản Nâng Cấp,5,1,"shop chuẩn bị hàng đầy đủ. bọc hàng kỹ
đóng gói cẩn thận, giao hàng nhanh",268182642.20916269432,1
u*****z,2023-09-07 18:48 | Phân loại hàng: Bản Nâng Cấp,5,1,"Quạt chạy tốt vì có tới 6 cánh, tiếng không ồn lắm. Để vừa lap khoảng 15.6 inch",268182642.20916269432,0
quickquick2018,2023-02-18 13:56 | Phân loại hàng: Bản Tiêu Chuẩn,5,1,"Mua hai cái đế này của shop rồi, dùng cả năm nay vẫn tốt. Vote shop 5 sao.",268182642.20916269432,0
baonhi0487,2024-08-28 13:47 | Phân loại hàng: Bản Nâng Cấp,5,1,Quạt tốt!Đẹp! Hợp túi tiền!Mua đc giá rẻ!Sẽ ủng hộ shop tips tục!Cho shop 5 sao!!!!………………..,268182642.20916269432,0
ngonamhuan,2022-08-12 15:51 | Phân loại hàng: Bản Tiêu Chuẩn,5,1,"Giao hàng nhanh, đúng chủng loại, dù bật max cỡ nhưng giảm cũng chả đáng là bao, nói chung cũng hợp với giá tiền.",268182642.20916269432,0
pisces21,2023-01-13 15:17 | Phân loại hàng: Bản Tiêu Chuẩn,5,1,Giao hàng nhanh. Sản phẩm tốt. K ồn chạy êm,268182642.20916269432,0
dinhbuitv,2023-02-10 18:36 | Phân loại hàng: Bản Nâng Cấp,5,1,"Quạt chạy êm ái, hàng không bị sứt mẻ.
Tin tưởng shop!",268182642.20916269432,0
nguyen_anh_1989,2022-11-17 22:31 | Phân loại hàng: Bản Nâng Cấp,5,0,"Sản phẩm đúng với mô tả, shop xử lý đơn hàng nhanh, mn nên mua, 5* cho shop bán hàng uy tín",268182642.20916269432,0
ngocninh_px,2022-08-23 12:49 | Phân loại hàng: Bản Nâng Cấp,5,1,"Cực kì kì tốt, gói cẩn thận, tản nhiệt ổn k giảm nhiều nhưng giúp máy mát và không bị nóng",268182642.20916269432,1
ngocnhu08042004,2024-12-17 11:59 | Phân loại hàng: Bản Tiêu Chuẩn,5,1,"Đóng gói gọn gàng và cẩn thận, shop hướng dẫn nhiệt tình do mình ko rành đồ công nghệ, để laptop được 10 phút mà vẫn mát lạnh luôn, sau này có cơ hội sẽ tiếp tục ạ",268182642.20916269432,0
pk_real,2025-06-05 08:57 | Phân loại hàng: Bản Nâng Cấp,5,1,"Shop chuẩn bị hàng siêu nhanh, chất lượng tốt, sạch đẹp, ủng hộ shop các lần sau.",268182642.20916269432,0
nhannguyentdt,2022-11-15 17:52 | Phân loại hàng: Bản Nâng Cấp,5,1,Đã nhận được hàng. Giao nhanh chóng. Đóng gói cẩn thận. Cho shop 5 * ...,268182642.20916269432,0
nghlmth237,2024-02-16 22:10 | Phân loại hàng: Bản Tiêu Chuẩn,5,1,"Hàng đóng gói kĩ càng , sản phẩm được hoàn thiện tốt",268182642.20916269432,0
9c20nguynlnam,2025-08-02 22:38 | Phân loại hàng: Bản Nâng Cấp,5,1,Sản phẩm này giúp cho những chiếc laptop mà quạt tản nhiệt trong laptop không hiệu thì nên sài cái này,268182642.20916269432,0
lyta192,2022-08-13 08:57 | Phân loại hàng: Bản Tiêu Chuẩn,5,0,"Hàng giao nhanh, đóng gói rất cẩn thận, dùng tốt, chư rõ độ bền ra sao nhưng khá ứng",268182642.20916269432,1
ducphu0101,2022-08-29 21:14 | Phân loại hàng: Bản Nâng Cấp,5,1,"Hơi buồn là giao nhầm mẫu
Nhưng đổi lại thái độ phục vụ khá tốt",268182642.20916269432,0
b*****g,2025-09-08 18:40 | Phân loại hàng: Bản Tiêu Chuẩn,5,1,"Mình từng mua một loại khác bên shop mà rẻ hơn. Thì loại này 6 quạt, chạy cũng êm, bền ko thì chưa biết. Nhưng cá nhân mình dùng qua cái trước thì phần đế của cái này khá lỏng lẻo, ko chắc chắn, lap mình 16.5” để lên lúc gõ bàn phím cứ bị bấp bênh ấy. 6 nấc nhưng chiều cao max cũng như cái cũ của mình 4 nấc thui. Giao nhanh, gói kĩ",268182642.20916269432,0
trungnguyen9419,2023-11-30 12:05 | Phân loại hàng: Bản Nâng Cấp,3,1,"Về chất liệu: 9/10₫
Về không ồn: 9/10₫
Công năng quạt: 7/10₫
Giao hàng nhanh, đảm bảo không mướm hay hư bể
Sp khi mở có mùi mủ hôi khá khó chịu, không biết sử dụng lâu có hết hay hết đời thì chưa biết
*Sp đạt tổng 7/10₫",268182642.20916269432,16
yeuhany,2022-09-24 11:14 | Phân loại hàng: Bản Tiêu Chuẩn,5,0,"Không ồn, chỗ cắm usb vừa kết nối với máy tính vừa cắm chuột được, đỡ tốn thêm 1 chỗ cắm 🤣",268182642.20916269432,0
n*****s,2022-09-11 12:29 | Phân loại hàng: Bản Nâng Cấp,5,1,Dây nguồn dài nha. Cứ lo bị ngắn thôi. Đóng gói kĩ. Đẹp. Ko quạt nào bị hỏng. Bị buồn bới sức gió ko mạnh dù đã bật cao nhất. Tưởng nó sẽ mạnh cơ. Từng mua loại 2-3 quạt với 1500 vòng quay nma lại mạnh hơn ?,268182642.20916269432,2
handeptrai97,2023-09-02 08:24 | Phân loại hàng: Bản Nâng Cấp,5,1,"Shop giao hàng nhanh, đúng mô tả",268182642.20916269432,0
duy_lam,2022-08-05 13:50 | Phân loại hàng: Bản Tiêu Chuẩn,5,1,"Lựa nhiều chỗ rồi, thấy chỗ này ok nhất, hàng đóng gói cẩn thận,hàng mở ra nguyên vẹn còn bọc kiếng tránh bụi, hk móp méo, có 1 cái quạt hk hoạt động chắc do tụi vận chuyển thẩy mạnh tay nên lỏng, mình đã lấy cây đè lại khớp vị trí và quạt quay lại bth, nếu sài có hư sẽ ủng hộ tiếp, mall làm uy tín",268182642.20916269432,0
t*****h,2025-07-17 18:50 | Phân loại hàng: Bản Nâng Cấp,5,1,"Giao hàng nhanh chóng và giao đủ số lượng, shipper khá thân thiện",268182642.20916269432,0
tdiz_page,2024-12-29 01:52 | Phân loại hàng: Bản Tiêu Chuẩn,5,0,Mình nhận được hàng mà bất ngờ luôn vì có nguyên seal bao gói cẩn thận nhìn thích mắt lắm ạ. Mua của shop cũng mấy lần rồi mà chưa bao giờ bị thất vọng luôn 👍,268182642.20916269432,0
nhocn722,2022-09-20 19:40 | Phân loại hàng: Bản Nâng Cấp,5,0,Giống mô tả thổi rất mát. Nhưng mà nếu chơi game mà k có máy lạnh thì máy vẫn nóng,268182642.20916269432,0
linh10102010,2024-12-15 00:15 | Phân loại hàng: Bản Tiêu Chuẩn,5,1,Shop tư vấn ok nhé,268182642.20916269432,0
peachtea1106,2022-11-11 15:22 | Phân loại hàng: Bản Nâng Cấp,4,1,"Quạt yếu lắm , không mát như mong đợi , laptop nóng thì vẫn phải trông cậy vào quạt của máy. Được mỗi cái là đế thiết kế nhìn hầm hố , đẹp mắt , có thể kê cao laptop nhưng vẫn cảm thấy rất chắc chắn. Shop nhiệt tình phục vụ tốt.

Video chỉ mang tính chất nhận xu , không thể hiện giá trị hay chất lượng của sản phẩm.",268182642.20916269432,9
giahuyyyyyy727,2025-09-20 13:10 | Phân loại hàng: Bản Tiêu Chuẩn,5,0,Quá tốt,268182642.20916269432,0
nguyenvu_123,2025-08-12 18:44 | Phân loại hàng: Bản Nâng Cấp,5,0,"Quạt chạy êm, giao hàng nhanh. Nếu chạy bền mình sẽ quay lại nxet thêm sau",268182642.20916269432,0
mr.nhant,2024-03-04 22:22 | Phân loại hàng: Bản Nâng Cấp,5,1,Nó hơi nhỏ so với một con legion 5 nhưng mà vẫn đủ xài.,268182642.20916269432,0
htrang2207,2023-02-13 12:06 | Phân loại hàng: Bản Tiêu Chuẩn,5,1,"Sản phẩm đẹp, đóng gói kĩ càng, chất lượng, nếu ổn sẽ quay lại mua thêm",268182642.20916269432,0
royalgarden.asia,2026-02-03 22:57 | Phân loại hàng: G611-Trắng,5,1,"Nên mua, giá khá mềm, săn được sale và miễn ship nữa. Shop rất chìu khách.",1241631586.24537570598,0
progame2003z,2025-08-14 17:43 | Phân loại hàng: G611-Đen,5,1,giao hàng nhanh đóng gói bình thường chất lượng tai nghe và mic ok hoạt động tốt với giá rẻ,1241631586.24537570598,0
annemoc,2025-08-30 15:27 | Phân loại hàng: G611-Đen,5,1,"Hàng chất lượng ok, nghe rõ, màu sắc âm thanh cũng rất ổn nhé . Ủng hộ hủng hộ.",1241631586.24537570598,5
a*****o,2024-11-03 15:20 | Phân loại hàng: G5-Hồng,5,1,"Tai nghe rất xinh nha, cắm vào lap hoặc máy tính thì sẽ hiện đèn, âm thanh nghe rất ổn áp, mic nói cũng rất tốt, có cổng chuyển đổi để dùng ở điện thoại nha, giao hàng nhanh cực kì. Shop tư vấn nhiệt tình.",1241631586.24537570598,15
khangkhang434,2026-01-17 15:12 | Phân loại hàng: G611-Hồng,5,1,Sản phẩm chất lượng tốt mic thu âm tốt âm lượng nghe ấm rõ giá tiền phù hợp,1241631586.24537570598,2
gbg3tmc72_,2026-01-15 21:24 | Phân loại hàng: G611-Trắng,5,1,Hàng ok lắm giao hàng nhanh tai nghe mua sài hơn 2 tuần r mới đánh giá vẫn nghe ok lắm 🥰😍,1241631586.24537570598,1
3*****q,2024-11-03 19:50 | Phân loại hàng: G5-Hồng,5,1,"Tai nghe nhẹ, xinh xắn. Cách âm tạm ổn còn mic 
thu cũng khá rõ. Tai nghe có đồ chụp tai to nên đeo lâu cũng không đau lắm. Nói chung là sài ổn đáng mua ạhhh",1241631586.24537570598,4
kimmmchi20004,2025-08-17 17:04 | Phân loại hàng: G5-Hồng,5,1,"Tai nghe to, bự hơn mình tưởng tượng nhưng mà xài rất tốt và êm tai nhen. Âm thanh nghe rất rõ luôn nè, mình dùng để luyện nghe tiếng Anh. Dây có 3 cắm nên dùng cho laptop hay điện thoại đều được luôn. Thiết kế cũng rất đẹp nữa, chắc có thêm công dụng làm phụ kiện phối đồ nữa ha 😃",1241631586.24537570598,4
phongtrnh549,2025-11-15 15:14 | Phân loại hàng: G611-Đen,5,1,"Giá rẻ và âm trầm tốt, âm lượng cực đại không đủ lớn đến mức đau tai. 
Kiểu dáng đẹp và chất liệu vỏ nhựa đủ bền dẻo để chống uốn gãy.",1241631586.24537570598,1
q*****i,2024-11-03 15:23 | Phân loại hàng: G5-Đen,5,1,"Tai nghe nhìn khá ngầu luôn, âm thanh đầm và êm,  mic nói nghe to rõ, shop đóng gói kĩ càng, chắc chắn, rất đáng tiền. Bạn nào gặp vấn đề với sản phẩm thì inbox nhé, shop trả lời rất nhiệt tình. Lúc mới mua nghe không đc tưởng hư, ai dè shop hướng dẫn thì khắc phục được nha.",1241631586.24537570598,6
q*****9,2024-11-05 21:17 | Phân loại hàng: G5-Đen,5,1,Tai nghe gaming này nghe hay trong tầm giá âm bass hay shop tặng thêm jack chuyển đổi 2 trong 1 để dùng cho điện thoại,1241631586.24537570598,1
jackj97haha,2025-07-27 14:08 | Phân loại hàng: G611-Đen,5,1,"đẹp lắm nha, nên mua, êm tai và màu sắc bắt mắt, mặc vào nhẹ lắm, ủng hộ shop, 10₫ lun ạ",1241631586.24537570598,1
qx0cihu8dn,2025-12-15 13:18 | Phân loại hàng: G611-Hồng,5,1,đóng gói kỹ càng hàng chất lượng cao tốt chấm nhớ 5 sao,1241631586.24537570598,1
m*****8,2024-11-06 08:49 | Phân loại hàng: G5-Đen,5,1,"Sản phẩm đóng gói cẩn thận. Giao hàng nhanh, shop tư vấn nhiệt tình. Chất lượng thì chưa dùng nên chưa đánh giá được, hi vọng đúng như cam kết",1241631586.24537570598,3
_*****_,2025-10-06 08:37 | Phân loại hàng: G611-Đen,5,1,"Sản phẩm đúng mô tả, chất lượng tốt, đóng gói cẩn thận, giao hàng nhanh. Shop tư vấn nhiệt tình, rất đáng tiền, sẽ ủng hộ lần sau!
	•	Hàng đẹp như hình, dùng thử thấy ổn, giá rẻ mà chất lượng tốt. Giao hàng nhanh, đóng gói kỹ, 10/10 luôn!
	•	Mình nhận được hàng rồi, rất ưng ý. Shop gói kỹ, hàng chính hãng, màu đẹp, đúng size. Cảm ơn shop nhiều!",1241631586.24537570598,1
i*****k,2024-11-06 08:53 | Phân loại hàng: G5-Đen,5,1,"Về mẫu mã thì rất là okay, nhưng về chất lượng thì mình nghĩ là đúng với số tiền. Không thể đòi hỏi sản phẩm với giá thành rẻ nhưng mà chất lượng âm thanh tốt, cách âm tốt được. Nhưng tương đối, hàng không lỗi về mẫu mã, xài tạm được.
0:04",1241631586.24537570598,2
myhoang3268,2026-03-29 13:17 | Phân loại hàng: G5-Đen,5,1,"Mẫu mã đẹp, có3 đầu cắm. Chưa dùng nhưng chắc ok. Đẹp, phù hợp giá tiền. Có thể rẻ. Nên mua cho con học online khá ok nhé các mom",1241631586.24537570598,0
x*****a,2024-11-06 08:59 | Phân loại hàng: G5-Hồng,5,1,"Đong goi sp chắc chắn , sp y mẫu rất đẹp , chất lượng tốt , shop tu vấn nhiệt tình , shop uy tin nen mua nhé mn",1241631586.24537570598,1
linhvuong2016,2025-11-30 08:21 | Phân loại hàng: G5-Đen,5,1,"Khám phá Tai nghe Gaming chính hãng tại Hangchinhhieu.vn với âm thanh vòm sống động, mic chống ồn, đệm tai êm ái. Thiết kế bền đẹp, tích hợp RGB cá tính, ...",1241631586.24537570598,0
thangkiumy,2025-04-05 13:26 | Phân loại hàng: G611-Đen,5,1,"cái hợp hơi móp méo xíu nhưng hàng thì không sau , nói chung âm thanh ok ,mic ổn , tầm giá này mua được hàng như là là ổn áp lắm rồi",1241631586.24537570598,2
nguyenbeo_2906,2026-01-11 05:55 | Phân loại hàng: G611-Đen,5,1,"Mua dùm cho người nhà nên k có video, nhưng nhà khen là chất lượng âm thanh tốt, khung sắt chắc chắn. Mua đc giá sale rẻ hơn mong đợi, ok lần sau ủng hộ món khác",1241631586.24537570598,0
hellen0406,2025-07-07 18:01 | Phân loại hàng: G611-Hồng,5,0,"✨ Sản phẩm rất đẹp, giống hình 100%, chất lượng vượt mong đợi. Đóng gói cẩn thận, không bị móp méo gì cả. Giao hàng siêu nhanh, đặt hôm trước hôm sau đã nhận được. Rất hài lòng, sẽ ủng hộ shop lâu dài!",1241631586.24537570598,0
hoanghoa.v3,2026-02-13 21:55 | Phân loại hàng: G5-Hồng,5,1,Nên mua nha mọi người ơi. Săn được giá khuyến mại nên cũng gọi là rẻ. Trước mắt êm tai âm thanh rõ. Mua cho con học.  Con khá thích.,1241631586.24537570598,0
6*****j,2024-11-08 08:50 | Phân loại hàng: G5-Đen,5,1,"Tai nghe nhận được đúng mẫu và màu đã đặt, giống hình ảnh shop chia sẻ. Test thử thấy kết nối ổn , tai to chụp thoải mái.",1241631586.24537570598,1
quyendoi,2026-01-10 12:10 | Phân loại hàng: G102-Đen,5,1,"Shop cập nhật đơn nhanh, giao nhanh, hộp hơi méo nhưng không ảnh hưởng sản phẩm. Trả lời thắc mắc nhanh",1241631586.24537570598,0
c*****i,2024-11-08 08:48 | Phân loại hàng: G5-Đen,5,0,"Mua tặng sinh nhật thì người nhận review với mình là thích lắm, mình cần gấp nên nhắn shop và shop cũng nhiệt tình hỗ trợ đóng gói nhanh cho mình. Hàng rẻ mà đẹp, chất lượng tất nhiên ko thể so với loại vài triệu rồi nhưng âm thanh nghe khá ổn nha mn, lên màu xanh đỏ tím vàng đẹp lắm",1241631586.24537570598,0
trananhtai1996,2025-08-30 21:34 | Phân loại hàng: G611-Đen,5,1,"Sản phẩm tốt trong tầm giá, led rất đẹp sáng , có điều tai nghe hơi nhỏ , cách âm cũng tương đối, sản phẩm gửi nhanh đóng gói oke.",1241631586.24537570598,0
dacbang02,2025-12-15 07:10 | Phân loại hàng: G611-Đen,5,1,"Ngon – bổ – rẻ, thời gian giao hàng rất nhanh.
Đã test thử mấy hôm thấy headphone mượt, ổn định.
Mọi người nên mua hàng ở shop này.
Xin lỗi shop vì đánh giá hơi chậm.
Sẽ tiếp tục ủng hộ shop trong những lần mua tiếp theo.",1241631586.24537570598,0
ubz6u5_m2i,2025-12-29 16:53 | Phân loại hàng: G611-Đen,5,1,"Đèn đẹp,nghe rõ,dùng tốt,rất hài lòng với sản phẩm này nha",1241631586.24537570598,0
l*****8,2024-12-12 23:38 | Phân loại hàng: G5-Hồng,5,1,Mua lại shop lần 2 vì thấy giá cx ok mà hàng cx tốt. Chắc ko có j để chê.,1241631586.24537570598,0
megumitokito587,2026-03-04 12:39 | Phân loại hàng: G611-Trắng,5,1,"Mic xoay chút ở thùng mới được, mà không phải chỉ cắm cái đầu to vào là nghe được, nên tôi cắm cả ba, sản phẩm sử dụng tốt",1241631586.24537570598,0
n*****3,2025-09-30 16:30 | Phân loại hàng: G611-Đen,5,1,"nên mua nha, shop bọc hàng siêu kĩ luônnn",1241631586.24537570598,0
tanhoai3000,2025-06-06 15:49 | Phân loại hàng: G5-Đen,5,1,"Nếu có thêm chổ bật tắt nguồn tai nghe nữa thì tuyệt vời hơn shop ơi, nhẹ, đeo êm, sản phẩm như hình quảng cáo",1241631586.24537570598,0
taskakuno2,2025-05-26 14:38 | Phân loại hàng: G5-Đen,5,1,"tổng quan rất tốt, tiếng dù hơi bé so với những loại tai nghe khác nhưng cũng không đòi hỏi gì nhiều, 5 sao",1241631586.24537570598,4
tuandung1973.vlp4,2025-09-03 14:26 | Phân loại hàng: G611-Đen,5,1,,1241631586.24537570598,0
l2yi_1ok16,2025-11-18 19:40 | Phân loại hàng: G611-Trắng,5,1,"âm thanh: nghe êm tai, rõ ràng
mic: thu âm tốt, to rõ
giao diện đẹp, đúng như hình sản phẩm shop đăng, đèn led nhiều màu sắc
dây cắm có 3 dây đúng như mô tả sản phẩm",1241631586.24537570598,0
ahnnhee05,2025-12-17 17:27 | Phân loại hàng: G5-Trắng,5,1,"Mình có lắp vào thử rồi , rất ổn nha , âm thanh mượt đó . Dây cũng không lỏng gì hết , thử lâu dài rồi mình đánh giá tiếp",1241631586.24537570598,0
d*****v,2025-08-01 15:20 | Phân loại hàng: G5-Hồng,5,1,"Hình ảnh minh họa để nhận xu, shop giao hàng nhanh, đóng gói cẩn thận, chưa sử dụng nên chưa có đánh giá cụ thể được. Ủng hộ shop với giá rẻ,......",1241631586.24537570598,0
khisuhuynh2,2025-12-04 13:19 | Phân loại hàng: G102-Đen,5,1,"Shop tư vấn nhiệt tình, giao hàng hoả tốc, test thử thấy thấy ok. Còn lâu dài thì chưa biết",1241631586.24537570598,0
wg40baecje,2025-12-02 12:34 | Phân loại hàng: G5-Đen,5,1,"Tại nghe với hình thức rất đẹp,nhẹ nhàng",1241631586.24537570598,0
chouchoupt92,2025-09-09 11:51 | Phân loại hàng: G5-Đen,5,0,"Sản phẩm đúng mô tả, đóng gói cẩn thận, nhìn đẹp. Shop nhiệt tình và giá cả cũng OK. Mua được giờ sale nên giá rất rẻ. ⭐️⭐️⭐️⭐️⭐️ cho shop. Hình ảnh mang tính chất nhận xuuuu",1241631586.24537570598,0
thaonguyen20785,2025-12-13 11:54 | Phân loại hàng: G611-Đen,5,1,"Mình rất hài lòng về ẩn phẩm này. Dùng rất êm tai, nghe rõ êm, gọi zalo băng PC, laptop nói chuyện rất rõ.",1241631586.24537570598,0
_yen_min_,2026-01-19 00:06 | Phân loại hàng: G611-Đen,5,0,"Sản phẩm đúng như mô tả, chất lượng tốt, dùng rất ổn định. Đóng gói cẩn thận, giao hàng nhanh. Rất hài lòng và sẽ ủng hộ lần sau.",1241631586.24537570598,0
loantrang2509,2025-08-19 14:27 | Phân loại hàng: G611-Hồng,5,0,"Sản phẩm nhận được đúng như mô tả, đóng gói cẩn thận và chắc chắn. Chất lượng tốt, rất hài lòng. Giao hàng nhanh, y shop quảng cáo, Shop tư vấn nhiệt tình. Sẽ tiếp tục ủng hộ shop trong những lần sau!!!",1241631586.24537570598,1
tuyetnhung_ngoc,2025-07-26 21:37 | Phân loại hàng: G5-Hồng,5,1,"Hứa với shop là sẽ cho shop 5 sao, các bạn tư vấn nhiệt tònh, mik phải mua thêm môt rắc chuyển đổi để cắm vào laptop, trông hơi cồng kềnh.",1241631586.24537570598,0
giau1087,2026-01-02 10:56 | Phân loại hàng: G5-Hồng,5,1,"Đẹp , cứng cáp, nghe rõ ràng. Bé mình rất thích . Sẽ ủng hộ tiếp , màu dễ thương",1241631586.24537570598,0
tiendatdo913,2025-12-19 13:47 | Phân loại hàng: G5-Hồng,5,1,Giá thành hợp lý.nên mua,1241631586.24537570598,0
q*****7,2024-11-08 08:51 | Phân loại hàng: G5-Trắng,5,1,"Giao hàng khá nhanh, mấy ngày cuối tuần là nhận được rồi.
Cắm vào nghe hay nói mic cũng tốt, nói chung ok.",1241631586.24537570598,1
xuantran323,2025-07-13 19:44 | Phân loại hàng: G5-Đen,5,1,Đóng gói cẩn thận loa đẹp đã thử âm thanh rỏ ràng gúa họp lí giao hàng nhanh,1241631586.24537570598,0
tonynay691,2025-11-23 16:25 | Phân loại hàng: G611-Đen,5,0,,1241631586.24537570598,1
26060907ht,2025-07-12 08:56 | Phân loại hàng: G5-Hồng,5,1,"Đóng gói cẩn thận. Giao hàng nhanh chóng. Tai nghe ổn, nhạc êm.",1241631586.24537570598,0
ngnhngoan,2026-01-31 07:59 | Phân loại hàng: G102-Đen,5,1,"Shop giao hàng nhanh ,sản phẩm đúng mô tả, mic và loa nghe oki nha giá thế là oki",1241631586.24537570598,0
b3w7y2f7j_,2025-11-20 14:56 | Phân loại hàng: G611-Đen,5,0,"Tai nghe dùng êm tại, cách âm chống âm thanh bên ngoài rất tốt
Giao hàng đúng thời gian, tai nghe đặt đúng như lời quảng cáo",1241631586.24537570598,1
n*****1,2026-01-02 20:21 | Phân loại hàng: G5-Đen,5,1,"Tay nghe đẹp, giao hàng nhanh, nghe rõ sẽ mua lại khi cần thiết",1241631586.24537570598,0
nquyen194,2025-12-19 20:44 | Phân loại hàng: G5-Đen,5,1,"Hàng đúng như hình, nghe êm , thu âm tốt nha",1241631586.24537570598,0
t*****k,2024-11-03 19:51 | Phân loại hàng: G5-Hồng,5,0,"Tưởng không xịn mà xịn không tưởng. Đóng gói kĩ, đẹp, âm thanh tốt, mic tốt. Về lâu dài không biết thế nào nhưng hiện tại rất hài lòng.",1241631586.24537570598,0
a*****5,2026-03-02 21:28 | Phân loại hàng: G611-Hồng,5,1,"Hàng giao nhanh, đúng hạn. Tại nghe siêu xinh, loa bass êm lắm luôn, với giá này cho ẻm là quá ngon nghẻ.",1241631586.24537570598,0
thuytao298,2025-05-09 11:52 | Phân loại hàng: G5-Hồng,5,1,"Giao hàng nhanh, tai nghe chắc chắn, dễ sử dụng, màu hồng cute lắm ạ,",1241631586.24537570598,0
naohi01,2026-01-02 11:37 | Phân loại hàng: G611-Đen,5,1,"Thượng đỉnh ✅
Thượng hạng ✅
5* ✅
Đẳng cấp ✅
Trác tuyệt ✅
Tinh hoa ✅
Tinh chọn ✅
Tinh túy ✅
Kết tinh ✅
Chắt lọc ✅
Hào hoa ✅
Hiếm thấy ✅
Tôn vinh ✅
Lừng danh ✅
Vang dang ✅
Trứ danh ✅
Danh tiếng ✅
Xứng danh ✅
Xứng tầm ✅
Nâng tầm ✅
Vươn tầm ✅
Vượt tầm ✅
Huyền thoại ✅
Kinh điển ✅
Danh chấn ✅
Hoàn hảo ✅
Hoàn mỹ ✅
Tuyệt hảo ✅
Hảo hạng ✅
Tài hoa ✅
Em là sự hoàn hảo tuyệt đối, là thành công của tạo hoá, là món quà duy nhất của Chúa, là thiên thần được gửi xuống thế gian thắp sáng cuộc đời của tôi, là kì quan vĩ đại nhất thế giới, là kiệt tác để đời của thần linh, là tuyệt phẩm nhân loại, là đấng sáng tạo vũ trụ và là nguồn gốc của mọi điều, là thứ đem đến sự khai sáng cho loài người, là sự sáng của thế gian, là nguồn sống của tôi, là tín ngưỡng, là vị thần vĩ đại nhất trong lòng tôi, là thứ tôi tôn thờ và tin tưởng, là thứ tạo ra toàn bộ vẻ đẹp cho vạn vật, là thứ lộng lẫy thuần khiết nhất trên đời, là tình yêu, là thứ tình cảm sâu sắc nhất trên đời và sự ân sủng, tha thứ và truyền cảm hứng tốt đẹp, là vô hạn trong sự khôn ngoan, là hoàn hảo trong tình yêu đáng quí nhất, là thứ duy nhất có thể thỏa mãn sự đói khát của con người, là vô hạn và vô tận, là lọ keo hàn gắn thương tổn của mọi trái tim tan vỡ, là khí trời, là khát khao cháy bỏng của một con người say mê, là sự ngọt ngào thú vị nhất trần gian, là khúc ca chữa lành đau thương của những tâm hồn mong manh. Không có em, tôi không có mục đích, không có mục tiêu, không có hy vọng, chỉ có một tương lai dao động, một nỗi khiếp sợ muôn đời của mọi bóng tối.
Bro is beautiful, handsome, pretty, elegant,
breathtaking, gorgeous, attractive,
charming, heavenly, stunning, exquisite,
cute, magnificent, divine, alluring, pleasing,
lovely, delightful, appealing, engaging,
winsome, ravishing, gorgeous, glamorous,
irresistible, bewitching, beguiling, graceful,
elegant, exquisite, aesthetic, magnificent,
hot, sexy, foxy, tasty, divine, beddable,
pulchritudinous, dazzling, fascinating, fine,
good looking, graceful, grand, splendid,
superb, wonderful, sublime, statuesque,
ravishing, radiant, ideal, nice, excellent,
enticing, classy, admirable, fancy, angelic,
beauteous, luscious, fetching, adoring,
adorable, scrunkly, embellishing, flawless,
perfect, personable, desirable, seductive,
snazzy, striking, showstopping, glossy,
eye catching, fabulous, prime, top notch,
sensational, premium, tempting, magnetic,
captivating, prepossessing, bright, my light,
curvaceous, dollish, tantalizing, enchanting,
pleasant, flamboyant, glorious, spectacular,
fantastic, dandy, hunky, jaw dropping,
droolable, rapturous, blissful, sumptuous,
luxurious, palatial, swanky, extravagant,
extraordinary, out of this world, well formed
and refinedRolling , pulling my hair, slapping myself, barking, dressing up as a maid, acting like a animal, jumping, screaming, kicking my feetbeautiful amazing spectacular showstopping wonderful awesome talented magnificent incredible totally unique never been done before jaw dropping majestic splendid heavenly gorgeous stunning fabulous perfect brilliant never the same excellent extraordinary phenomenal breathtaking, hot, handsome, adorable, cute, attractive, beautiful, elegant, good-looking, well-dressed, majestic, impressive, fine, graceful, lovely, stunning, alluring, beckoning, bewitching, captivating, charming, enchanting, enticing, fascinating, glamorous, interesting, mesmerizing, pleasing, seductive, gorgeous, ravishing, angelic, appealing.",1241631586.24537570598,0
ngchi596,2026-03-04 20:38 | Phân loại hàng: G611-Hồng,5,1,"Ý là với cái giá này thì không còn gì phải bàn cãi nữa, nó khá là ổn âm thanh nghe được cũng khá rõ và tốt, nên mua nha",1241631586.24537570598,0
quocvo1990,2024-12-10 09:58 | Phân loại hàng: G5-Đen,5,1,"Mua về dùng cho laptop, nhìn chung cắm 1 rắc 3.5 vẫn nge gọi đc.âm thanh tạm ổn so với tầm giá.shop hỗ trợ tư vấn nhiệt tình.",1241631586.24537570598,0
ngoangngan1601,2025-08-24 22:36 | Phân loại hàng: G5-Đen,5,0,"Nhận hàng nhanh chóng, đúng ngày dự kiến , đúng sản phẩm như mô tả , nghe cũng ok êm tai 
Hình ảnh chỉ mang tính chất nhận xu",1241631586.24537570598,0
t*****5,2026-02-01 20:46 | Phân loại hàng: G611-Hồng,5,1,Tai nghe nhận được xinh xắn lắm ạ. Lúc đầu nhận ko biết dùng nên tưởng bị hỏng. Phải vào xem lại hướng dẫn trên sp. Đeo khá êm tai.,1241631586.24537570598,0
t*****8,2026-03-09 19:54 | Phân loại hàng: G5-Hồng,5,1,,1241631586.24537570598,0
monghaoho,2026-03-04 19:00 | Phân loại hàng: G611-Đen,5,1,Sản phẩm đúng với mô tả mọi người nên mua,1241631586.24537570598,0
betho2991,2025-09-28 12:13 | Phân loại hàng: G611-Đen,5,1,"Tai nghe đeo êm tai , đeo lâu vẫn thoải mái, chất âm nghe, còn đèn led 2 bên tai",1241631586.24537570598,0
k3k5ks9bcr,2025-12-25 14:56 | Phân loại hàng: G5-Đen,5,0,Sản phẩm đẹp chất lượng. Tai nghe nghe êm giá cả phù hợp. Sẽ ủng hộ shop tiếp,1241631586.24537570598,0
thuyngaly.91,2025-10-01 10:09 | Phân loại hàng: G611-Đen,5,1,"Ảnh mang tính nhận xu, Shop uy tín, dùng thích lắm nhé, giao nhanh ưng ý, giá hợp lý",1241631586.24537570598,0
phainguyn705,2026-02-26 17:11 | Phân loại hàng: G611-Đen,5,1,Hàng new 100% ko qua sử dụng nhá mỗi tội hộp hơi móp nhưng ko ảnh hưởng tới hàng,1241631586.24537570598,0
x*****6,2025-12-20 18:13 | Phân loại hàng: G611-Đen,5,1,"Shop đóng gói cẩn thận. Tai nghe âm thanh chuẩn và rất êm. Bất tiện mỗi chỗ 3 rắc cắm tách rời. Khi đặt đơn mình lại ko để ý. Định hoàn hàng nhưng lại thôi vì mình mua thêm rắc cắm nối tích hợp lại thành 1 rắc thôi, nên cũng ổn",1241631586.24537570598,0
dencao405,2025-07-19 10:42 | Phân loại hàng: G611-Hồng,5,1,Chất lượng tốt. Nghe âm thanh cũng ngọt,1241631586.24537570598,0
p*****s,2024-11-05 20:46 | Phân loại hàng: G5-Đen,5,1,Có đèn nhiều màu ban đêm đẹp có mít sử dụng rất ok nên mua sẽ ủng hộ tiếp khi cần,1241631586.24537570598,0
taydau990,2025-08-27 14:56 | Phân loại hàng: G5-Đen,5,1,"mình săn dc của shop giá rẻ hơn shop khác , mẫu mã đẹp shop đóng gói hơi ẩu , mic nói hơi bé, hy vọng dùng bền",1241631586.24537570598,0
n*****s,2025-12-12 07:16 | Phân loại hàng: G611-Đen,5,1,"Sản phẩm chất lượng tốt. Giao hàng nhanh. Giá cả tốt hơn các shop khác. Sẽ quay lại ủng hộ nếu có nhu cầu . Hình ảnh video mang tính chất nhận xu. Lá lá
La là lá la lá là La là lá La là lá La là lá La là lá La là lá à",1241631586.24537570598,0
ndyhiq8n0l,2026-01-21 10:25 | Phân loại hàng: G5-Đen,5,0,"Tết 2026 này, bạn đã sẵn sàng lên xe vi vu khắp phố, chở trọn yêu thương cùng người ấy chưa? 🧧🏍️
Nếu vẫn đang phân vân chưa biết chọn “xế cưng” nào vừa đẹp – bền – tiết kiệm – hợp túi tiền, thì để HEAD Ngôi Sao bật mí ngay TOP 5 dòng xe HOT nhà Honda đang được săn đón nhất dịp Tết này nhé! ✨

🔴 Vision – Thanh lịch, gọn nhẹ, chuẩn gu giới trẻ
🔵 Air Blade – Thể thao, mạnh mẽ, chinh phục mọi cung đường
⚫ SH – Đẳng cấp sang trọng, khẳng định vị thế
🟠 Lead – Rộng rãi, tiện dụng, “chân ái” cho mọi chuyến đi dài
🟢 Wave Alpha – Bền bỉ, tiết kiệm, người bạn đồng hành quốc dân

🌸 Tết đến xuân về, có xe mới – có người thương – có hành trình đáng nhớ.
👉 Ghé HEAD Ngôi Sao ngay hôm nay để chọn cho mình chiếc xe ưng ý, rước lộc đầu năm và khởi đầu 2026 thật rực rỡ nhé! 🧨❤️

================== 
 📲 Tổng đài CSKH: 1️⃣8️⃣0️⃣0️⃣9️⃣2️⃣1️⃣6️⃣ ( miễn phí cước gọi đến ) 
 📣HEAD Ngôi Sao 1: 27 Lê Lợi - P. Hạc Thành - Thanh Hóa
 📲 Tư vấn bán hàng: 0916.652.189
 📣HEAD Ngôi Sao 2: Chợ Cột Đỏ - P. Sầm Sơn - Thanh Hóa
 📲 Tư vấn bán hàng: 0902.254.368
 📣HEAD Ngôi Sao 3: 135 Tố Hữu- Chợ Quảng Xương - Xã Lưu Vệ- Thanh Hóa
 📲  Tư vấn bán hàng: 0943.551.986
 📣HEAD Ngôi Sao 4: 68 Lê Hoàn - P. Hạc Thành - Thanh Hóa
 📲  Tư vấn bán hàng: 0912.604.229
 📣HEAD Ngôi Sao 5: 100 Thôn 1 - Xã Như Xuân - Thanh Hóa
 📲  Tư vấn bán hàng: 0913.310.272
📣 HEAD Ngôi Sao 6: 18 Nguyễn Hoàng - Xã Hà Trung - Thanh Hoá
📲  Tư vấn bán hàng: 0913.621.820",1241631586.24537570598,0
doyenly15021991,2025-12-29 22:07 | Phân loại hàng: G102-Đen,5,1,"Xài đc 20 ngày thấy khá là ok
Giá cả phải chăng
Chất lương tạm ổn
Hy vọng bền lâu",1241631586.24537570598,0
c*****h,2025-08-11 13:13 | Phân loại hàng: G611-Đen,5,0,"Danh mục

Kem chống nắng da mặt

Quy cách

Tuýp

Xuất xứ thương hiệu

Nhật Bản

Mô tả ngắn

Sữa chống nắng dưỡng da trắng mịn Sunplay Skin Aqua Clear White giúp bảo vệ da trước tia UV gây hại, ngăn ngừa đen sạm, dưỡng trắng và cấp nước cho da. Sản phẩm dành riêng cho da mặt.

Nhà sản xuất

ROHTO MENTHOLATUM",1241631586.24537570598,0
dmx2998,2026-02-06 22:07 | Phân loại hàng: G611-Đen,5,0,"Tai nghe xịn, êm, âm thanh rõ ràng. Màu hiện lên cũng đẹp, phù hợp với chơi game. Shop gửi hàng nhanh.",1241631586.24537570598,0
dualan22,2025-09-26 15:02 | Phân loại hàng: G611-Đen,5,1,"Lúc đầu nghĩ với giá tiền này thì hàng cũng lởm thôi. Ai ngờ về dùng cũng ok phết. Có cả 2 loại dây usb và jack. Cắm dc cả vào PC hoặc điện thoại. Có đèn led, đeo êm tai, nghe khá to",1241631586.24537570598,1
pupipi,2026-01-13 08:37 | Phân loại hàng: G5-Đen,5,0,"Hình ảnh và video chỉ mang tính chất nhận xu.hàng đẹp nghe to rõ ràng,mua 2 cái mà ko bị lỗi gì cả.shop kiểm tra hàng rất chu đáo trước khi gửi đi cho khách.",1241631586.24537570598,0
nguyen_nhan_quyen_16,2025-11-13 16:49 | Phân loại hàng: G611-Đen,5,1,"Tai nghe đẹp, âm thanh nghe nhẹ. Ko có mấy I will be in a nhé at the house at noon time and then going to bed early in the afternoon if you need",1241631586.24537570598,0
ngoc_han091006,2025-10-08 14:42 | Phân loại hàng: G5-Hồng,2,1,"Chỉ dùng để nghe thôi, micro không dùng được. Âm thanh không quá trong, tiếng khá là rè nhưng ổn so với giá thành này.",1241631586.24537570598,0
tuyet.tina.221292,2025-11-13 20:05 | Phân loại hàng: G5-Hồng,5,1,Nghe ok chất lương âm thanh rất tốt dùng ok không chê được vào đâu,1241631586.24537570598,0
baokhang2024,2026-01-17 12:26 | Phân loại hàng: G611-Đen,5,1,"Đóng gói sản phẩm cẩn thận, chất lượng chưa rõ",1241631586.24537570598,0
4mq2edlcki,2025-08-24 20:00 | Phân loại hàng: G5-Hồng,5,0,"Tai nghe màu Hồng tại nghe rất bền và êm có mic và 
đèn shipper thân thiện",1241631586.24537570598,0
phamhongdiem102,2025-11-19 19:35 | Phân loại hàng: G611-Đen,5,1,"Tai nghe xịn xò , shop nhiệt tình lắm luôn ,giao hàng hoa tốc  shippers thì thân thiện, vì shippers ruột mà 😁😁😁😁 nói chung 100 điểm ko nhưng",1241631586.24537570598,0
linkin141194,2026-02-11 23:04 | Phân loại hàng: G611-Đen,4,1,"Tiền nào của nấy nha
Vơi mk tai nghe này chỉ nghe cho có.đeo chơi game hoặc học tập thì ok còn nghe nhạc thì đáp đi",1241631586.24537570598,1
phuonguyen767,2026-01-04 17:23 | Phân loại hàng: G611-Đen,5,1,Nhận hàng nhanh. Thấy tại nghe chắc chắn. Đẹp. Chưa sd nên kg biết sao. Hy vọng là bền,1241631586.24537570598,0
n*****0,2025-04-17 17:24 | Phân loại hàng: G611-Đen,5,1,"Tai nghe to, ôm cả vào tai, k gây đau
Sản phẩm giá cả hợp lý, đóng gói cẩn thận",1241631586.24537570598,0
chuhop1997,2025-10-02 08:46 | Phân loại hàng: G611-Đen,5,1,"Shop đóng gói cẩn thận, không móp méo. Hàng chất lượng khá tốt không bị lỗi. Bền đẹp",1241631586.24537570598,0
m*****s,2025-06-25 17:19 | Phân loại hàng: Be,5,1,"Túi xinh lắm mn ơi,hôm m đặt hết màu đen nên ko lấy được 1 đôi, đặt trước em màu be này mà nhận được thấy bất ngờ luôn, màu nhẹ nhàng, túi nhỏ xinh, m hay mặc đồ tối màu nên đeo em này là hợp lý luôn. Rẻ mà hàng qt giao cũng nhanh á. M sẽ đặt thêm màu đen nữa. Nên mua.nha mn",428023573.22126602857,22
b*****9,2025-05-24 15:26 | Phân loại hàng: Đen,5,1,"Vải dù cả 2 lớp, cả túi có đệm bông nên dày dặn, có đệm nên cũng để đc ít đồ hơn",428023573.22126602857,9
uyendang491,2025-07-13 23:55 | Phân loại hàng: Be,5,1,"Giống túi uniqlo đến 90% á. Giá rẻ, đóng gói chỉn chu. Vải có lót, chần bông, túi nhỏ bên trong siêu tiện. Đường may chắc chắn, khoá kéo nhẹ",428023573.22126602857,3
8kamikami5a,2025-06-25 15:11 | Phân loại hàng: Be,5,1,"Túi đẹp , êm do có mút 2 bên thành túi , đựng đc nhìu đồ cá nhân như phấn son , đt , ....., đi du lịch , đi chơi , đi cf đều hợp , với túi rẻ mà vừa túi tiền như này mình rất ưng .nói chung nên mua mí bà à .",428023573.22126602857,3
anhtuyet264nguyen,2025-05-20 15:59 | Phân loại hàng: Be,5,1,"Giao hàng cũng nhanh, đóng gói chỉnh chu, đúng màu sắc, kích thước, phân loại",428023573.22126602857,21
s*****1,2026-04-03 14:52 | Phân loại hàng: Đen,5,1,"Túi đẹp k thua gì túi uniquilo nhé mà săn dc giá rẻ chưa tới 50k lúa, giao hàng nhanh. Túi k to k nhỏ vừa đủ để đựng đồ . Nói chung là quá ưng",428023573.22126602857,0
n*****2,2025-09-03 22:38 | Phân loại hàng: Be,5,1,"Giao hàng nhanh chóng, đóng gói chắc chắn. Túi có form đẹp, dây kéo mượt, đáng mua",428023573.22126602857,2
chixuantrang,2026-03-30 17:16 | Phân loại hàng: Màu xám,5,1,"Túi có độn bông dày đứng  fom rất đẹp ko bị nhăn nheo như các túi khác 
Bên trong có 2 ngăn nhỏ đựng chìa khóa xinh lắm 
Dây kéo và phụ kiện đi kèm cùng màu xịn nhé",428023573.22126602857,0
gdnh_9bwe8,2026-04-02 12:02 | Phân loại hàng: Đen,5,1,"Shop chuẩn bị hàng nhanh
Đúng như hình 
Sẽ ủng hộ shop lần sau
Shipper giao hàng thân thiên
Mọi người nên mua nhé",428023573.22126602857,0
thhngh395,2025-05-04 12:57 | Phân loại hàng: Be,5,1,"Giao hàng đúng hẹn
Túi vải dày dặn
Đường may chắc chắn 
Túi nhẹ, đựng đồ tiện lợi
Giá vậy mua túi chất lượng ntn là oke rồi",428023573.22126602857,1
vanhong.np,2025-07-25 13:18 | Phân loại hàng: Màu xanh lá,5,1,"Tuy là shop quốc tế nhưng giao hàng nhanh, đóng gói cẩn thận, màu sắc giống hình, chất lượng xài thêm 1 thời gian nữa mới đánh giá được. Nhưng mà thấy chất lượng oki á, giá mềm nữa. Túi cũng rộng, đựng đc khá nhiều đồ linh tinh. Sẽ mua lại khi cần, cảm ơn shop nhiều nhé",428023573.22126602857,1
t*****x,2025-03-30 11:46 | Phân loại hàng: Trái cam,5,1,"Sao lại đỉnh quá vậy nè! Đứng dáng cứng cáp, có mút bọc dày dặn, màu cam quá xinh luôn, xem bao nhiêu hàng may mua đc cái chất lượng!! Giá lại còn tốt! 10 điểm. Mê.",428023573.22126602857,7
e*****1,2025-06-27 18:38 | Phân loại hàng: Be,5,1,"Shop giao hàng nhanh, đúng màu. Túi may không có chỉ thừa, nhìn rất có giá trị mà giá lại hạt dẻ nữa. Chỉ có mấy chục ngàn mà được 1 cái túi rất hữu dụng.",428023573.22126602857,1
phamthithanhlien13071982,2025-08-11 13:53 | Phân loại hàng: Be,5,1,"Sản phẩm tốt đẹp , Shiper thân thiện, sẽ ủng hộ shop tiếp, quên đặt thêm 1 túi nữa màu vàng pastel sẽ đặt thêm",428023573.22126602857,4
tmminh827,2025-08-02 17:47 | Phân loại hàng: Màu xanh lá,5,1,"Shop tư vấn nhiệt tình và giao hàng nhanh chóng. Túi đẹp đựng được nhiều đồ, giá thành rẻ",428023573.22126602857,0
t*****9,2025-06-06 09:07 | Phân loại hàng: Be,5,1,Giao hàng nhanh. Nhận hàng rất hài lòng màu xinh dễ phối đồ. Nên mua nha mọi người,428023573.22126602857,2
w*****c,2026-01-18 10:08 | Phân loại hàng: Be,5,1,Mua 3 màu liền dùng thay đổi vì nó vừa hạt dẻ lại xinh xinh,428023573.22126602857,1
mitnadn,2025-05-28 12:03 | Phân loại hàng: Màu xanh lá,5,1,"Màu sắc đúng với hình. Ko ngờ giỏ đẹp như vậy, giỏ nhẹ nhàng, đựng được nhiều đồ, đường may chắc chắn, ko chỉ thừa. Giá rẻ, quá ưng ý ạ. Giao hàng nhanh.",428023573.22126602857,0
mainhunguyen87,2026-04-01 18:11 | Phân loại hàng: Đen,5,1,"Túi to đẹp, màu đỏ đô sậm dễ phối hơn màu cam, màu cam tươi nên phù hợp chi chơi hơn.",428023573.22126602857,0
phamthjhong,2023-03-16 13:38 | Phân loại hàng: Màu xanh lá,5,1,"Túi nhỏ xinh, vải mềm mịn nhẹ nhàng, đựng được nhiều đồ lắm nha",428023573.22126602857,5
m*****u,2025-06-18 16:58 | Phân loại hàng: Be,5,1,"Hàng khá ok, mình có đến xem hàng chính hãng rồi không khác là mấy, hum nào đeo đến đó so sánh thử",428023573.22126602857,2
mymoon0307,2025-09-16 11:02 | Phân loại hàng: Màu xanh lá,5,1,"Cái giỏ chưa tới 70k nhưng đẹp từng đương kim mũi chỉ,màu ở ngoài đẹp hơn trong ảnh nhé,kiểu xanh rêu nhạt,ưng cái bụng ghê,app mã các kiểu chỉ còn 38k,sẽ tiếp tục ủng hộ shop",428023573.22126602857,0
nha021076,2025-09-29 14:11 | Phân loại hàng: Be,5,1,"Túi đeo chéo chống thấm nước vải dù màu đẹp, giao hàng nhanh. Giá cả phù hợp.",428023573.22126602857,0
ha21767,"2025-05-28 09:19 | Phân loại hàng: Be, Đen",5,1,thấy mình đeo túi bụng đẹp nên cô bạn nhờ mua mình lấy tạm hình ảnh màu cam cháy chứ màu kia là màu be cô bạn mình rất là thích,428023573.22126602857,2
bakpu3u84q,"2025-03-02 19:52 | Phân loại hàng: Màu xanh lá, Đen",5,0,"Túi may đẹp, không nhăn nhúm, màu sắc đẹp. Giao cực nhanh. Sẽ mua lại. Cảm ơn shop.",428023573.22126602857,1
maiempty,2025-07-28 22:56 | Phân loại hàng: Màu xám,5,1,Shop đóng gói đúng yêu cầu. Mình rất là ưng luôn. Hàng quốc tế nhưng mà mình thấy giao lẹ quá trời luôn ạ. Mn nên mua nha.,428023573.22126602857,0
mayoblue,2025-06-10 13:12 | Phân loại hàng: Be,5,1,,428023573.22126602857,0
maithihuyentrang2022,2025-06-19 00:52 | Phân loại hàng: Be,5,0,"Giao hàng nhanh đóng gói cẩn thận, hàng chất lượng, giá ổn, chất lượng, đáng mua, hình ảnh chỉ để nhận xu",428023573.22126602857,0
l*****3,2025-04-02 14:47 | Phân loại hàng: Đỏ,5,1,"Chất lượng sản phẩm tuyệt vời, đóng gói sản phẩm chắc chắn, sẽ mua lại lần sau.",428023573.22126602857,1
b*****8,2025-05-19 10:31 | Phân loại hàng: Be,5,1,"Túi rẻ,đơn giản,đeo đi đâu cũng ok,năng động,giao đủ hàng,đúng mẫu,5⭐",428023573.22126602857,1
duongngoc2469,2025-07-30 20:33 | Phân loại hàng: Trái cam,5,1,"chất vải dù mỏng nhẹ, from túi cũng tạm ổn. Nói chung là ổn áp với giá này",428023573.22126602857,1
t*****0,2025-06-19 13:14 | Phân loại hàng: Đen,5,1,"Giao hàng nhanh . Đúng mẫu, đúng màu. Giá rẻ nhưng chất lượng ổn . Đựng được nhiều đồ nhé",428023573.22126602857,0
huyphamkoko,2026-03-24 13:59 | Phân loại hàng: Màu xám,5,1,"Mình rất ưng sản phẩm này. Chất lượng vượt xa giá thành, đúng như mô tả về màu sắc, kích thước và chất lượng. Shop cũng chuẩn bị hàng rất nhanh. Mình cực kỳ hài lòng.",428023573.22126602857,0
c*****n,2025-11-03 15:20 | Phân loại hàng: Đỏ,5,0,"Màu đỏ mận giống hình. 
Túi đứng form, may kỹ, nhiều lớp, vải dày dặn. dây túi bản rộng, dễ điều chỉnh, đeo vai êm. Dây kéo mượt. 
Size túi hợp với dáng người tí hon như mình, 1m50, 45kg. Không bị to quá, không bị nuốt dáng. 
Đựng cũng được nhiều đồ á: vừa 1 đt, 1 chai nước 500ml, máy đọc sách. 
So với giá 60k đổ lại như này thì đúng là hàng hiếm, rẻ mà chất lượng 👍",428023573.22126602857,0
h*****y,2025-07-15 15:47 | Phân loại hàng: Màu xanh lá,5,1,Sẽ ủng hộ lần sau giao nhanh túi đẹp mình săn đc giá rẻ nhaa,428023573.22126602857,0
b*****o,2025-03-20 19:19 | Phân loại hàng: Be,5,1,"với giá xiền này cầm ưng tay lắm luon
quai rất chắc chắn dày dặn, nhg có vẻ dễ bị cọ vào da mà kéo hết cỡ khá dài nhen
đường may rất chỉn chu có viền lại lun, có xíu chỉ thừa thôi
túi khá basic nên dễ dung lắm nhen",428023573.22126602857,8
t*****w,2026-01-08 22:06 | Phân loại hàng: Be,5,1,Với giá tiền này thì chất lượng ok nha. Rẻ mà túi cũng có 2 lớp nữa. Màu kem đẹp. Sẽ mua thêm màu đen,428023573.22126602857,0
h*****4,2025-06-08 08:39 | Phân loại hàng: Be,5,1,"Túi đẹp, săn sale giá rẻ, hàng quốc tế mà giao siêu  nhanh, đã mua 2 túi của shop này rồi. Nên mua nhé mn",428023573.22126602857,0
lynamduong2003,2025-07-16 22:18 | Phân loại hàng: Be,5,1,Sịn luôn túi đẹp vải kiểu dù bên trong có bông chắc đẹp 5⭐️cho shop,428023573.22126602857,0
ngnthuy070,2025-05-08 12:22 | Phân loại hàng: Trái cam,5,1,,428023573.22126602857,0
anna050,2025-04-17 22:22 | Phân loại hàng: Màu xám,5,1,"Chất lg mình thấy ổn.  Dây kéo khoá mềm và nhẹ, ship thì hài lòng. Do măt hàng từ nước ngoài nên hơi lâu. Nhưng hài lòng nhé ạ",428023573.22126602857,0
thuthuy.1107,2025-02-17 17:36 | Phân loại hàng: Be,5,1,"Vải đẹp lắm, đeo siêu xinh, trông nhỏ gọn mà đựng đc nhiều đồ lắm ☺",428023573.22126602857,2
hoangyenpon,2025-08-25 12:40 | Phân loại hàng: Màu xám,5,1,Mua và đúng hàng đã quay lại mua nữa. Nên mua nha mọi người,428023573.22126602857,0
pphuon,2025-02-16 18:41 | Phân loại hàng: Be,5,1,"Sốp đóng gói đúng đủ hàng với đơn đã đặt
Đóng gói đơn giản vì túi cũng nhẹ",428023573.22126602857,3
koi1996,2025-10-20 08:51 | Phân loại hàng: Be,5,1,"Đóng gói và ship hàng khá nhanh, hàng quốc tế nhưng oki nhé. Giá cũng rẻ nữa. Ví đẹp . Túi đeo giá rẻ và hợp lý nha",428023573.22126602857,0
tranlethucdoan123,2026-03-29 18:41 | Phân loại hàng: Đen,5,1,"Đai đeo chéo bằng dây dù chắc chắn, rất oke nha",428023573.22126602857,0
thaonttt91,2026-02-05 20:12 | Phân loại hàng: Be,5,1,"Túi đeo tiện lợi, vải này thấm nước chứ không chống thấm nước, để đồ nhỏ gọn như ví tiền, điện thoại, cosmetic…, tiện lợi cho đi chơi, chợ, đi làm.",428023573.22126602857,0
e8dku07lk1,2025-03-10 17:07 | Phân loại hàng: Đen,5,1,,428023573.22126602857,1
2_boongsu,2025-07-17 07:09 | Phân loại hàng: Màu xám,5,1,"Các thử mua nha. Mình thấy khá xinh. Nhưng dáng túi hơi bè ngang( theo mình).
Nhưng xinh cũng đựng được kha khá đồ cá nhân nha.",428023573.22126602857,0
m*****9,2025-07-13 10:59 | Phân loại hàng: Màu xanh lá,3,1,"Giao hàng nhanh. shiper thân thiện, Mỗi sp vô 1 bọc nhìn gọn gàng , sạch sẽ. Mua 1 màu. Chỉ dùng màu be , chưa dùng màu rêu. Nên chưa đánh giá được màu rêu.",428023573.22126602857,0
hub1012_.,2025-07-19 19:26 | Phân loại hàng: Be,5,1,"Trời ơi nó xinh điên lun. Mình có xem uniqlo mà chưa mua, giờ mua cái y chang đúng hời lun. Giá rẻ, giao hàng nhanh. Mà nó gọn, nhẹ, đẹp u mê....",428023573.22126602857,0
nguyenthaoww,2026-01-09 17:32 | Phân loại hàng: Be,5,1,"Giỏ giống hình,đeo lên phối đồ thì cá tính,còn mặc đồ thường thì giống đi buôn kkk.Nói chung khá đẹp",428023573.22126602857,0
k*****5,2025-09-03 18:35 | Phân loại hàng: Be,5,1,"Màu be tối nha không phải trắng sữa đâu, dày dặn, dây đeo chắc chắn, nói chung xứng đáng, nhẹ lắm, không khác hàng uni mình mua real là mấy đâu",428023573.22126602857,0
nhituyettrann,2025-07-11 13:48 | Phân loại hàng: Màu xanh lá,5,1,"Sản phẩm khá đẹp, đường kim mũi chỉ đẹp, chất vải ổn nha
Giá rất tốt, đựng được khá nhiều nha",428023573.22126602857,0
ngothuylinh2364,2025-07-20 00:48 | Phân loại hàng: Đỏ,5,1,"Túi tạm được, có chần bông nên không bị mỏng
bên trong có ngăn phụ",428023573.22126602857,0
c*****1,2026-04-05 13:26 | Phân loại hàng: Màu xám,5,1,Nên mua nha mn vừa rẻ vừa đẹp,428023573.22126602857,0
m*****3,2026-02-08 18:59 | Phân loại hàng: Be,5,1,,428023573.22126602857,0
t*****4,2025-08-26 18:57 | Phân loại hàng: Be,5,1,"🍲 Nồi vân đá hoa cương miệng rót 20cm – Green Cook
💥 Chỉ 185K – CTV: 155K
✅ Hợp kim nhôm bền, không hoen rỉ, không cong đáy
✅ Chống dính vân đá, chịu chà xước
✅ Miệng rót tiện lợi – dùng được mọi loại bếp

📦 Có sẵn – alo chốt ngay kẻo hết! 🚚",428023573.22126602857,0
t*****4,2025-08-05 23:55 | Phân loại hàng: Be,5,0,"Giấy rút Sipiao Chef&Chef
CHUẨN NỘI ĐỊA SIPAO
DÙNG GIẤY DAI- MỊN - TIẾT KIỆM
Em dùng thử mã giấy rẻ rồi!! Dùng chán lắm, mỏng te dễ rách

 #139kk / thùng 4 túi to ( mỗi túi 1280 tờ) 

❌ Tự nhiên lại thấy giấy dạng rút này vừa tiện, vừa sạch, lại tiết kiệm 

- Kích thước giấy 155 x 175 mm
- Hàng nhập  loại 1 ạ siêu dai ạ , mấy loại rẻ giấy nó ko dai đâu ạ... 
🌱🎋🎋Túi giấy treo tường tiện lợi Natural nội địa Trung cao cấp, 4 lớp bằng bột gỗ nguyên sinh
Quá đỉnh lun các c ợiiii.",428023573.22126602857,0
n*****6,2025-06-05 20:23 | Phân loại hàng: Be,5,0,"Hình ảnh mang tính chất minh họa, nhưng sản phẩm quá ok, mua được giá rẻ, đeo làm hoạt động rất thuận tiện lun nha, sức chưa cũng ok mà đường may, quai túi cũng ok lun....gdkslqkbxnxlska",428023573.22126602857,0
h*****0,2025-11-20 17:34 | Phân loại hàng: Be,5,0,"Chuẩn bị hàng và thời gian giao hàng khá nhanh nhóng , sản phẩm đẹp và chất lượng đúng với mô tả",428023573.22126602857,0
moluexvf04,2025-07-15 17:19 | Phân loại hàng: Trái cam,5,1,,428023573.22126602857,0
t*****0,2026-03-31 13:24 | Phân loại hàng: Đen,5,1,"Basic dễ phối đồ, giá rẻ nữa",428023573.22126602857,0
l*****3,2025-06-18 10:00 | Phân loại hàng: Đen,5,1,"Giao khá nhanh vì là hàng quốc tế, chất lượng ok có miếng đệm ở bên trong",428023573.22126602857,1
t*****y,2026-04-02 09:02 | Phân loại hàng: Be,5,1,"Túi xinh, khoá kéo mượt, đựng đc khá nhiều đồ",428023573.22126602857,0
ngocha215,2025-07-07 12:04 | Phân loại hàng: Be,5,1,"Túi rất dễ thương. Màu kem dễ phối đồ, may cũng chắc chắn, nhìn k nghĩ mua với giá siêu rẻ vậy luôn. Nên mua ạ",428023573.22126602857,0
317p9944v1,2025-08-17 22:37 | Phân loại hàng: Be,5,1,"Hàng y hình. Túi sờ cảm giác bông bông mềm mềm, bên trong có 2 ngăn túi nhỏ. Đeo tiện lợi và đẹp",428023573.22126602857,0
junnguyen3110,2025-08-11 19:15 | Phân loại hàng: Màu xanh lá,5,1,"Túi xinh , k lớn lắm , với mình là hơi bé , nhưng mà có lớp mút nữa nên túi có phom đẹp lắm nha , nên mua ạ , giá quá rẻ cho cuộc tình này",428023573.22126602857,0
camiphuong01,2026-03-30 14:00 | Phân loại hàng: Be,5,1,"Vải hơi nhăn nhẹ, có thể điều chỉnh quai đeo thích hợp, giá rẻ hợp lý",428023573.22126602857,0
thi.thao_23,2026-04-04 12:24 | Phân loại hàng: Đen,5,1,"Vải dù chắc chắn  và mềm mịn
Màu túi đẹp , dễ dàng phối đồ",428023573.22126602857,0
maiphuongg0504,2026-04-07 08:55 | Phân loại hàng: Be,5,1,"Hàng chất lượng, mọi người nên mua dùng.
Shop và dịch vụ giao hàng nhanh.
Cảm ơn shop!!!
Cảm ơn shopee!!!",428023573.22126602857,0
vtlinh1,2025-04-28 11:31 | Phân loại hàng: Be,5,1,"Ko có điều kiện mua uniqlo nên mua túi này xài. Túi rất giống uniqlo nhưng sờ vào chất vải ko bằng hàng uni. Giá mềm, xài thời gian ngắn ok.",428023573.22126602857,1
n*****9,2025-09-15 00:45 | Phân loại hàng: Màu xám,5,1,"Mẫu mã đẹp và chất có vẻ bền, màu đúng y như ảnh sau sẽ ủng hộ shop tiếp,cảm ơn",428023573.22126602857,0
dmhung21,2025-03-30 18:51 | Phân loại hàng: Đen,5,1,Giao hàng nhanh. Hàng chất lượng. Giá rẻ,428023573.22126602857,0
d*****6,"2025-06-05 14:03 | Phân loại hàng: Màu xám, Màu xanh lá, Be",5,1,"Shop giao nhanh
Đóng gói cẩn thận
Giá tốt 
Mình mua có 50k 1 cái túi",428023573.22126602857,2
xuynl248,2026-02-06 09:42 | Phân loại hàng: Đen,5,1,Ng có gì mà không ạ ạ em cảm ơn em đã làm gì mà không ạ,428023573.22126602857,0
benno2303,2025-06-09 00:25 | Phân loại hàng: Đen,5,0,"Đóng gói cẩn thận, có thể thấy tâm huyết của người bán. Hộp không bị móp méo, vận chuyển rất tốt",428023573.22126602857,0
meihe117,2025-11-02 19:29 | Phân loại hàng: Màu xám,5,1,"Ok 

 Lợi ích của bài tập plank ngược · Giúp cho cơ mông và bắp chân vừa vặn và ổn định hơn. · Cải thiện quá trình trao đổi chất vì lượng calo sẽ đốt ...",428023573.22126602857,0
tientien204,2025-09-29 13:02 | Phân loại hàng: Be,5,1,được rất nhiều đồ và có chống nước chống thấm rất ok,428023573.22126602857,0
duongmy431,2025-04-23 10:03 | Phân loại hàng: Màu xanh lá,5,1,"Giao đúng mẫu, đúng màu y như quảng cáo túi chất lượng ngăn cũng khá rộng",428023573.22126602857,0
yennguyenhoang,2025-07-09 22:18 | Phân loại hàng: Trái cam,5,0,Hàng quốc te nhưng giao nhanh lắm nha. Vải đẹp  giá lại ok nữa.  Mình sẽ mua thêm vài màu nữa vì quá ưng,428023573.22126602857,0
jerryminhthien,2025-09-22 19:36 | Phân loại hàng: Be,5,1,"Đẹp, rẻ, giao nhanh, sẽ mua lại",428023573.22126602857,0
hhoa1712,2025-10-17 08:16 | Phân loại hàng: Be,5,1,"Phù hợp giá tiền, đẹp, chắc chắn",428023573.22126602857,0
n*****o,2025-06-19 14:48 | Phân loại hàng: Be,5,1,"Sản phẩm đúng như mô tả trong video và hình ảnh
Khá xinh, rất ổn so với tầm giá 
Hàng ship nhanh á",428023573.22126602857,0
thokhongthichrarot,2025-05-26 08:58 | Phân loại hàng: Đen,5,1,"Đúng mo tả 💯, túi dep, may chất lượng quan trong trông trẻ trung sành điệu và để được nhiều đồ. Thích hợp đi chơi gần gần phong cách xì teen. Okla nha shop cho shop 💯 điểm nah. Chúc shop.mua may bán đắt. Có dip sẽ ủng hộ hết mình👏👍👏",428023573.22126602857,0
momem.hihihi,2026-03-30 13:01 | Phân loại hàng: Màu xám,5,1,Chim ưng lắm mha ahihi,428023573.22126602857,0
hoangtrung84,2025-11-06 08:39 | Phân loại hàng: Màu xanh lá,5,0,Túi đeo đẹp . Đã mua rồi và mua lại . Chất liệu chống nước nhẹ . Màu sắc thật . Rất ưng ý với sản phẩm .,428023573.22126602857,0
linhlinh020506,2026-04-04 11:19 | Phân loại hàng: Màu xám,5,1,Đẹp ko bị mỏng  đâu có lớp lót,428023573.22126602857,0
hettienroi09,2025-08-01 11:31 | Phân loại hàng: Be,5,0,"Vải dc lót 1 lớp xốp hay s á sờ sướng vc,túi đeo siêu xinh,đặt túi xuống nó đứng dc vẫn vô form nha",428023573.22126602857,0
_*****e,2025-07-25 15:13 | Phân loại hàng: Be,5,1,"Basic phù hợp cho đi chơi đi học tốt, đẹp nên mua ,phù hợp mọi oufit",428023573.22126602857,0
